,Registered,Scheduling,Running,,
0,1.6135085047152E+018,1.61350850471532E+018,1.61350851834229E+018,,13.627089408
1,1.61350850519243E+018,1.61350851834232E+018,1.61350855013618E+018,,44.943749376
2,1.61350850538368E+018,1.61350855013628E+018,1.61350859001637E+018,,84.632694016
3,1.6135085055076E+018,1.61350859001641E+018,1.61350860596235E+018,,100.454747136
4,1.61350850570542E+018,1.61350860596238E+018,1.61350861874975E+018,,113.044331008
5,1.61350850646684E+018,1.61350861874977E+018,1.61350863544516E+018,,128.978312448
6,1.61350850664105E+018,1.61350863544518E+018,1.61350865137404E+018,,144.732996608
7,1.61350850675518E+018,1.61350865137407E+018,1.61350867589015E+018,,169.13496448
8,1.61350850756376E+018,1.61350867589018E+018,1.6135086996439E+018,,192.080141056
9,1.61350850760163E+018,1.61350869964393E+018,1.6135087236099E+018,,216.008263168
10,1.61350850774974E+018,1.61350872360992E+018,1.61350874794437E+018,,240.19462528
11,1.61350850842276E+018,1.61350874794439E+018,1.61350877490309E+018,,266.4803328
12,1.61350850845584E+018,1.61350877490312E+018,1.61350880380588E+018,,295.350048256
13,1.61350850849995E+018,1.6135088038059E+018,1.61350883399964E+018,,325.499684864
14,1.61350850855121E+018,1.61350883399966E+018,1.61350886523085E+018,,356.679648512
15,1.6135085086424E+018,1.61350886523087E+018,1.61350889885173E+018,,390.20932608
16,1.61350850871363E+018,1.61350889885176E+018,,,
17,1.61350850978019E+018,,,,
18,1.61350850992954E+018,,,,
19,1.61350851059901E+018,,,,
20,1.61350851288683E+018,,,,
21,1.61350851340339E+018,,,,
22,1.61350851360188E+018,,,,
23,1.61350851366684E+018,,,,
24,1.61350851481484E+018,,,,
25,1.61350851490225E+018,,,,
26,1.61350851497474E+018,,,,
27,1.61350851549728E+018,,,,
28,1.61350851568756E+018,,,,
29,1.61350851569473E+018,,,,
30,1.61350851625688E+018,,,,
31,1.6135085162849E+018,,,,
32,1.61350851689992E+018,,,,
33,1.6135085171883E+018,,,,
34,1.61350851733719E+018,,,,
35,1.61350851743083E+018,,,,
36,1.61350851789793E+018,,,,
37,1.61350851930509E+018,,,,
38,1.61350851932532E+018,,,,
39,1.61350852000475E+018,,,,
40,1.61350852024461E+018,,,,
41,1.61350852041552E+018,,,,
42,1.61350852055046E+018,,,,
43,1.61350852087129E+018,,,,
44,1.61350852101279E+018,,,,
45,1.61350852103023E+018,,,,
46,1.6135085211686E+018,,,,
47,1.61350852117609E+018,,,,
48,1.61350852174304E+018,,,,
49,1.61350852215683E+018,,,,
50,1.61350852225566E+018,,,,
51,1.61350852371008E+018,,,,
52,1.61350852455973E+018,,,,
53,1.6135085258116E+018,,,,
54,1.61350852657409E+018,,,,
55,1.61350852747884E+018,,,,
56,1.6135085278271E+018,,,,
57,1.61350852799367E+018,,,,
58,1.61350852807966E+018,,,,
59,1.61350852874635E+018,,,,
60,1.61350852896892E+018,,,,
61,1.61350852923288E+018,,,,
62,1.61350852937514E+018,,,,
63,1.61350852982135E+018,,,,
64,1.6135085303954E+018,,,,
65,1.61350853041289E+018,,,,
66,1.61350853246862E+018,,,,
67,1.61350853402521E+018,,,,
68,1.61350853452674E+018,,,,
69,1.61350853491807E+018,,,,
70,1.61350853558126E+018,,,,
71,1.61350853636622E+018,,,,
72,1.61350853688471E+018,,,,
73,1.61350853699308E+018,,,,
74,1.6135085371351E+018,,,,
75,1.61350853748194E+018,,,,
76,1.6135085377342E+018,,,,
77,1.6135085393062E+018,,,,
78,1.61350853958862E+018,,,,
79,1.6135085404834E+018,,,,
80,1.6135085410352E+018,,,,
81,1.61350854180506E+018,,,,
82,1.61350854250863E+018,,,,
83,1.6135085427209E+018,,,,
84,1.6135085433387E+018,,,,
85,1.61350854365752E+018,,,,
86,1.61350854434832E+018,,,,
87,1.61350854539381E+018,,,,
88,1.61350854551529E+018,,,,
89,1.61350854585341E+018,,,,
90,1.61350854613093E+018,,,,
91,1.61350854716681E+018,,,,
92,1.61350854760039E+018,,,,
93,1.61350854788865E+018,,,,
94,1.61350854927304E+018,,,,
95,1.613508550176E+018,,,,
96,1.6135085506084E+018,,,,
97,1.61350855138743E+018,,,,
98,1.61350855143856E+018,,,,
99,1.61350855166729E+018,,,,
100,1.6135085521758E+018,,,,
101,1.61350855218803E+018,,,,
102,1.61350855244235E+018,,,,
103,1.61350855276357E+018,,,,
104,1.61350855302491E+018,,,,
105,1.61350855363339E+018,,,,
106,1.61350855378413E+018,,,,
107,1.61350855488747E+018,,,,
108,1.61350855617093E+018,,,,
109,1.61350855634936E+018,,,,
110,1.61350855680756E+018,,,,
111,1.61350855749691E+018,,,,
112,1.61350855812423E+018,,,,
113,1.61350855814396E+018,,,,
114,1.61350855845655E+018,,,,
115,1.61350855968681E+018,,,,
116,1.61350855974126E+018,,,,
117,1.61350856042659E+018,,,,
118,1.61350856079205E+018,,,,
119,1.61350856235862E+018,,,,
120,1.61350856321225E+018,,,,
121,1.61350856358451E+018,,,,
122,1.61350856378612E+018,,,,
123,1.6135085643794E+018,,,,
124,1.61350856461049E+018,,,,
125,1.61350856572245E+018,,,,
126,1.61350856588204E+018,,,,
127,1.61350856637748E+018,,,,
128,1.61350856654718E+018,,,,
129,1.6135085670219E+018,,,,
130,1.61350856735774E+018,,,,
131,1.61350856738462E+018,,,,
132,1.61350856753392E+018,,,,
133,1.6135085677988E+018,,,,
134,1.61350856877618E+018,,,,
135,1.61350857046293E+018,,,,
136,1.61350857125279E+018,,,,
137,1.613508571339E+018,,,,
138,1.61350857136386E+018,,,,
139,1.6135085720536E+018,,,,
140,1.6135085722451E+018,,,,
141,1.61350857309793E+018,,,,
142,1.61350857342678E+018,,,,
143,1.61350857451554E+018,,,,
144,1.61350857461126E+018,,,,
145,1.61350857467998E+018,,,,
146,1.61350857482011E+018,,,,
147,1.61350857518825E+018,,,,
148,1.61350857545489E+018,,,,
149,1.61350857578405E+018,,,,
150,1.61350857635316E+018,,,,
151,1.61350857643125E+018,,,,
152,1.61350857662431E+018,,,,
153,1.61350857931523E+018,,,,
154,1.6135085794803E+018,,,,
155,1.61350857975951E+018,,,,
156,1.61350857992274E+018,,,,
157,1.61350858052902E+018,,,,
158,1.61350858081293E+018,,,,
159,1.61350858124782E+018,,,,
160,1.61350858196277E+018,,,,
161,1.61350858208823E+018,,,,
162,1.61350858215321E+018,,,,
163,1.61350858226197E+018,,,,
164,1.61350858312051E+018,,,,
165,1.61350858316334E+018,,,,
166,1.61350858347343E+018,,,,
167,1.61350858489112E+018,,,,
168,1.61350858563907E+018,,,,
169,1.6135085856462E+018,,,,
170,1.61350858566122E+018,,,,
171,1.61350858737858E+018,,,,
172,1.61350858745106E+018,,,,
173,1.61350858755131E+018,,,,
174,1.61350858762698E+018,,,,
175,1.6135085879477E+018,,,,
176,1.61350858894078E+018,,,,
177,1.61350858985222E+018,,,,
178,1.61350858993557E+018,,,,
179,1.61350859007525E+018,,,,
180,1.61350859055184E+018,,,,
181,1.61350859149263E+018,,,,
182,1.61350859151644E+018,,,,
183,1.61350859162795E+018,,,,
184,1.61350859193414E+018,,,,
185,1.61350859226656E+018,,,,
186,1.61350859309801E+018,,,,
187,1.61350859362804E+018,,,,
188,1.61350859380535E+018,,,,
189,1.61350859420131E+018,,,,
190,1.6135085943033E+018,,,,
191,1.61350859437094E+018,,,,
192,1.61350859473144E+018,,,,
193,1.61350859480307E+018,,,,
194,1.61350859482814E+018,,,,
195,1.61350859490164E+018,,,,
196,1.61350859551611E+018,,,,
197,1.61350859567511E+018,,,,
198,1.61350859573362E+018,,,,
199,1.61350859585218E+018,,,,
