,Registered,Scheduling,Running
0,1613733388951660697,1.6137333889522394e+18,1.613733408231303e+18
1,1613733390865880649,1.6137334082313672e+18,1.6137334477698145e+18
2,1613733391308458606,1.613733447769857e+18,1.61373349562526e+18
3,1613733391626819221,1.6137334956253176e+18,1.613733544354249e+18
4,1613733391953039688,1.6137335443542812e+18,1.6137335916005737e+18
5,1613733393508905765,1.6137335916005906e+18,1.6137336445241546e+18
6,1613733395252890025,1.6137336445241843e+18,1.6137337020566198e+18
7,1613733395482689126,1.6137337020566492e+18,1.6137337753568356e+18
8,1613733395544627842,1.61373377535686e+18,1.6137338557511025e+18
9,1613733397484061105,1.6137338557511232e+18,1.6137339348721e+18
10,1613733398689945479,1.6137339348721183e+18,1.6137340193503956e+18
11,1613733399508453658,1.6137340193504243e+18,1.613734112880833e+18
12,1613733400552847641,1.613734112880864e+18,1.6137342089147999e+18
13,1613733401547060756,1.6137342089148168e+18,1.6137343195305715e+18
14,1613733402961060722,1.6137343195305894e+18,1.6137344318045033e+18
15,1613733402985803414,1.6137344318045207e+18,1.6137345538300244e+18
16,1613733403150606720,1.6137345538300424e+18,1.613734683296966e+18
17,1613733403933822029,1.6137346832969915e+18,1.6137348255346145e+18
18,1613733404384769069,1.6137348255346545e+18,1.6137349687192957e+18
19,1613733404654574395,1.6137349687193132e+18,1.613735133189865e+18
20,1613733404990301565,1.6137351331898826e+18,1.6137352840904481e+18
21,1613733405142799234,1.6137352840904712e+18,1.613735445945935e+18
22,1613733405582321687,1.6137354459459517e+18,
23,1613733406238375582,,
24,1613733406332290370,,
25,1613733406524512982,,
26,1613733408569604257,,
27,1613733411261551179,,
28,1613733412653730843,,
29,1613733412739837735,,
30,1613733412798270228,,
31,1613733413116768827,,
32,1613733413788197987,,
33,1613733413957347371,,
34,1613733414615182915,,
35,1613733414706285000,,
36,1613733414890413290,,
37,1613733415055925085,,
38,1613733416464728904,,
39,1613733416624852858,,
40,1613733418309667532,,
41,1613733419840292089,,
42,1613733422577729424,,
43,1613733424639352968,,
44,1613733425627494730,,
45,1613733426484304686,,
46,1613733428387251739,,
47,1613733428392330869,,
48,1613733428560135430,,
49,1613733428854619301,,
50,1613733430009708235,,
51,1613733430837272306,,
52,1613733430913384214,,
53,1613733431618656311,,
54,1613733432251708523,,
55,1613733433913652769,,
56,1613733434692042578,,
57,1613733436541711216,,
58,1613733437494641366,,
59,1613733437883220592,,
60,1613733438823878973,,
61,1613733438848126409,,
62,1613733438916441136,,
63,1613733439125262379,,
64,1613733440084316715,,
65,1613733441042269481,,
66,1613733441241234908,,
67,1613733441484310293,,
68,1613733441772474363,,
69,1613733441780156015,,
70,1613733442427310834,,
71,1613733444515969181,,
72,1613733445030401207,,
73,1613733445300212644,,
74,1613733445562022526,,
75,1613733445857802025,,
76,1613733445879078191,,
77,1613733446758472368,,
78,1613733448105271125,,
79,1613733449773315374,,
80,1613733450098023409,,
81,1613733450123261989,,
82,1613733450336870783,,
83,1613733450451651155,,
84,1613733450808495007,,
85,1613733451165339992,,
86,1613733451312909877,,
87,1613733451603026275,,
88,1613733452051560570,,
89,1613733452089353706,,
90,1613733453701082542,,
91,1613733453775649311,,
92,1613733454819485350,,
93,1613733455504625973,,
94,1613733456042548645,,
95,1613733460175846490,,
96,1613733460557267218,,
97,1613733463663790608,,
98,1613733464893560502,,
99,1613733465031343094,,
100,1613733465139853091,,
101,1613733465191055357,,
102,1613733465213790799,,
103,1613733465348680298,,
104,1613733465438256495,,
105,1613733466943647339,,
106,1613733468215750127,,
107,1613733469008095840,,
108,1613733470802057714,,
109,1613733471330056875,,
110,1613733473034056398,,
111,1613733473312851722,,
112,1613733473566739511,,
113,1613733474016010185,,
114,1613733474633037285,,
115,1613733474785606266,,
116,1613733475123916032,,
117,1613733476625437871,,
118,1613733476760406888,,
119,1613733477495510239,,
120,1613733478892953563,,
121,1613733480184058523,,
122,1613733480266379346,,
123,1613733480684674020,,
124,1613733482193526896,,
125,1613733482982407853,,
126,1613733483735672893,,
127,1613733484105266904,,
128,1613733484177161458,,
129,1613733484980222180,,
130,1613733486185140500,,
131,1613733487586784807,,
132,1613733488435541246,,
133,1613733488467234335,,
134,1613733489550431491,,
135,1613733489727759505,,
136,1613733490125617691,,
137,1613733490890711414,,
138,1613733491167804505,,
139,1613733491634333323,,
140,1613733491709651393,,
141,1613733492162012026,,
142,1613733492284982010,,
143,1613733493444453192,,
144,1613733495035920179,,
145,1613733495208057852,,
146,1613733495317359542,,
147,1613733495778505086,,
148,1613733496331145252,,
149,1613733496974439853,,
150,1613733497822033486,,
151,1613733497899486829,,
152,1613733498370331167,,
153,1613733499635968399,,
154,1613733500170452786,,
155,1613733500570837532,,
156,1613733501455350290,,
157,1613733503133275233,,
158,1613733504214798780,,
159,1613733504551518885,,
160,1613733505453204753,,
161,1613733505499995842,,
162,1613733508199844275,,
163,1613733509543520047,,
164,1613733511032000964,,
165,1613733511274442535,,
166,1613733511687022435,,
167,1613733512261716499,,
168,1613733512806466805,,
169,1613733512870676580,,
170,1613733513649973917,,
171,1613733516973410243,,
172,1613733517815204131,,
173,1613733518208726698,,
174,1613733518998918765,,
175,1613733520795157489,,
176,1613733520827938105,,
177,1613733521141178909,,
178,1613733522575943279,,
179,1613733522745020630,,
180,1613733523149367288,,
181,1613733524583426260,,
182,1613733525592864116,,
183,1613733525804334326,,
184,1613733526133550064,,
185,1613733526150431070,,
186,1613733526454963240,,
187,1613733527127844714,,
188,1613733527748060051,,
189,1613733527808773696,,
190,1613733528530515766,,
191,1613733528707193664,,
192,1613733528841651940,,
193,1613733530192085924,,
194,1613733530328598598,,
195,1613733531142537730,,
196,1613733531235911107,,
197,1613733531594093443,,
198,1613733531662227880,,
199,1613733531847539421,,
