,Registered,Scheduling,Running,ForStopped,Stopped
0,1.6133439575632934e+18,1.6133439575634163e+18,1.6133439618944704e+18,,
1,1.6133439576496678e+18,1.613343961894486e+18,1.6133439728294172e+18,1.6133451196612403e+18,
2,1.6133439577582175e+18,1.6133439728294344e+18,1.6133439843465577e+18,,
3,1.6133439582700434e+18,1.613343984346578e+18,1.613344000276732e+18,1.613345119659922e+18,1.6133452176907884e+18
4,1.6133439595746926e+18,1.6133440002767506e+18,1.6133440193641992e+18,1.6133444727448952e+18,1.6133446687266908e+18
5,1.6133439596556564e+18,1.6133440193642266e+18,1.6133440365541916e+18,1.6133444727445957e+18,1.6133445901364703e+18
6,1.6133439597472893e+18,1.6133440365542208e+18,1.6133440563331036e+18,1.613344472744037e+18,1.6133445118754015e+18
7,1.6133439604315594e+18,1.6133440563331187e+18,1.6133440797130273e+18,1.6133451196606712e+18,1.6133453133390387e+18
8,1.6133439604900838e+18,1.6133440797130422e+18,1.613344103549478e+18,1.613344472744476e+18,1.6133445515969864e+18
9,1.6133439605360973e+18,1.6133441035494927e+18,1.6133441303219866e+18,1.61334447274484e+18,1.613344632321643e+18
10,1.61334413367615e+18,1.613344133676251e+18,1.6133441579624847e+18,,
11,1.6133441348639447e+18,1.6133441579624993e+18,1.613344188661755e+18,,
12,1.6133441349330998e+18,1.6133441886617792e+18,1.6133442188311803e+18,1.6133451196613123e+18,
13,1.613344134996165e+18,1.613344218831196e+18,1.6133442490245258e+18,,
14,1.6133441351613386e+18,1.6133442490245468e+18,1.613344282837078e+18,1.6133451196613914e+18,
15,1.6133441351757322e+18,1.6133442828371062e+18,1.6133443182830702e+18,,
16,1.6133441352467008e+18,1.6133443182830845e+18,1.6133443529839795e+18,1.6133451196612035e+18,1.6133453589659658e+18
17,1.6133441352768835e+18,1.613344352983994e+18,1.613344391821168e+18,,
18,1.6133441353270246e+18,1.6133443918211963e+18,1.6133444305883999e+18,1.6133451196594872e+18,1.613345169908106e+18
19,1.6133441353562417e+18,1.613344430588426e+18,1.6133444719023055e+18,1.6133451196599557e+18,1.6133452671868355e+18
20,1.6133444749294728e+18,1.613344668726714e+18,1.6133447110983647e+18,,
21,1.6133444760395075e+18,1.6133447110983798e+18,1.6133447489227016e+18,,
22,1.61334447618896e+18,1.6133447489227308e+18,1.6133447887671892e+18,,
23,1.61334447621773e+18,1.6133447887672049e+18,1.613344830993212e+18,,
24,1.6133444765426038e+18,1.6133448309932398e+18,1.613344877839645e+18,,
25,1.6133444765788137e+18,1.6133448778396644e+18,1.6133449233787302e+18,,
26,1.613344476782426e+18,1.6133449233787656e+18,1.6133449665312742e+18,,
27,1.6133444768280394e+18,1.613344966531291e+18,1.6133450144878628e+18,,
28,1.6133444768908017e+18,1.613345014487886e+18,1.613345066433176e+18,,
29,1.613344476945524e+18,1.6133450664331973e+18,1.6133451182295032e+18,,
30,1.6133451219489247e+18,,,,
31,1.613345123831071e+18,,,,
32,1.6133451239763167e+18,,,,
33,1.6133451242539474e+18,,,,
34,1.6133451242696067e+18,,,,
35,1.6133451243627553e+18,,,,
36,1.6133451244225815e+18,,,,
37,1.6133451246596792e+18,,,,
38,1.6133451246698289e+18,,,,
39,1.6133451247735777e+18,,,,
40,,,,,
41,,,,,
42,,,,,
43,,,,,
44,,,,,
45,,,,,
46,,,,,
47,,,,,
48,,,,,
49,,,,,
50,,,,,
51,,,,,
52,,,,,
53,,,,,
54,,,,,
55,,,,,
56,,,,,
57,,,,,
58,,,,,
59,,,,,
60,,,,,
61,,,,,
62,,,,,
63,,,,,
64,,,,,
65,,,,,
66,,,,,
67,,,,,
68,,,,,
69,,,,,
70,,,,,
71,,,,,
72,,,,,
73,,,,,
74,,,,,
75,,,,,
76,,,,,
77,,,,,
78,,,,,
79,,,,,
80,,,,,
81,,,,,
82,,,,,
83,,,,,
84,,,,,
85,,,,,
86,,,,,
87,,,,,
88,,,,,
89,,,,,
90,,,,,
91,,,,,
92,,,,,
93,,,,,
94,,,,,
95,,,,,
96,,,,,
97,,,,,
98,,,,,
99,,,,,
100,,,,,
101,,,,,
102,,,,,
103,,,,,
104,,,,,
105,,,,,
106,,,,,
107,,,,,
108,,,,,
109,,,,,
110,,,,,
111,,,,,
112,,,,,
113,,,,,
114,,,,,
115,,,,,
116,,,,,
117,,,,,
118,,,,,
119,,,,,
120,,,,,
121,,,,,
122,,,,,
123,,,,,
124,,,,,
125,,,,,
126,,,,,
127,,,,,
128,,,,,
129,,,,,
130,,,,,
131,,,,,
132,,,,,
133,,,,,
134,,,,,
135,,,,,
136,,,,,
137,,,,,
138,,,,,
139,,,,,
140,,,,,
141,,,,,
142,,,,,
143,,,,,
144,,,,,
145,,,,,
146,,,,,
147,,,,,
148,,,,,
149,,,,,
150,,,,,
151,,,,,
152,,,,,
153,,,,,
154,,,,,
155,,,,,
156,,,,,
157,,,,,
158,,,,,
159,,,,,
160,,,,,
161,,,,,
162,,,,,
163,,,,,
164,,,,,
165,,,,,
166,,,,,
167,,,,,
168,,,,,
169,,,,,
170,,,,,
171,,,,,
172,,,,,
173,,,,,
174,,,,,
175,,,,,
176,,,,,
177,,,,,
178,,,,,
179,,,,,
180,,,,,
181,,,,,
182,,,,,
183,,,,,
184,,,,,
185,,,,,
186,,,,,
187,,,,,
188,,,,,
189,,,,,
190,,,,,
191,,,,,
192,,,,,
193,,,,,
194,,,,,
195,,,,,
196,,,,,
197,,,,,
198,,,,,
199,,,,,
