1740557983451,107,32,0,0,0,53320
1740557983451,109,20,0,0,0,100644
1740557983451,106,28,0,0,0,137745
1740557983451,108,32,0,0,0,354281
1740557983451,105,30,0,0,1,501089
1740557983451,110,26,0,0,1,495898
1740557983451,102,30,0,0,1,453562
1740557983451,104,32,0,0,1,427144
1740557983451,103,20,0,0,1,390383
1740557983451,101,27,0,0,1,369135
1740557984451,113,28,0,0,0,5757
1740557984451,112,34,0,0,0,11143
1740557984451,114,23,0,0,0,169349
1740557984451,115,23,0,0,0,227430
1740557984451,121,32,0,0,0,333161
1740557984451,119,29,0,0,1,527518
1740557984451,117,25,0,0,1,511742
1740557984451,122,28,0,0,1,464182
1740557984451,118,29,0,0,1,411351
1740557984451,111,28,0,0,1,221276
1740557984451,120,25,0,0,1,147434
1740557984451,116,32,0,0,1,99778
1740557985451,131,32,0,0,0,58609
1740557985451,133,19,0,0,0,100623
1740557985451,136,27,0,0,0,116600
1740557985451,132,25,0,0,0,127127
1740557985451,126,34,0,0,0,190655
1740557985451,130,32,0,0,0,195888
1740557985451,140,27,0,0,0,248593
1740557985451,123,20,0,0,0,253777
1740557985451,128,34,0,0,0,407127
1740557985451,127,30,0,0,1,485249
1740557985451,138,28,0,0,1,421942
1740557985451,139,26,0,0,1,363898
1740557985451,124,28,0,0,1,348003
1740557985451,129,32,0,0,1,326832
1740557985451,125,27,0,0,1,300502
1740557985451,134,32,0,0,1,284599
1740557985451,137,26,0,0,1,179098
1740557985451,135,30,0,0,1,168463
1740557986451,148,20,0,0,0,21453
1740557986451,150,25,0,0,0,132407
1740557986451,146,25,0,0,0,153537
1740557986451,147,20,0,0,0,227381
1740557986451,153,27,0,0,0,280286
1740557986451,154,28,0,0,1,516976
1740557986451,144,20,0,0,1,495986
1740557986451,151,27,0,0,1,406114
1740557986451,143,34,0,0,1,400697
1740557986451,145,25,0,0,1,374462
1740557986451,149,20,0,0,1,316472
1740557986451,141,34,0,0,1,289818
1740557986451,152,26,0,0,1,268852
1740557987451,157,25,0,0,0,5701
1740557987451,155,18,0,0,0,21405
1740557987451,165,28,0,0,0,26858
1740557987451,164,32,0,0,0,232841
1740557987451,163,20,0,0,0,253767
1740557987451,156,25,0,0,1,517040
1740557987451,142,23,0,0,1,422015
1740557987451,158,30,0,0,1,342682
1740557987451,161,29,0,0,1,252951
1740557987451,159,22,0,0,1,147466
1740557988451,171,20,0,0,0,16168
1740557988451,170,23,0,0,0,132380
1740557988451,175,34,0,0,0,143118
1740557988451,167,25,0,0,0,153538
1740557988451,174,34,0,0,0,164240
1740557988451,168,26,0,0,0,185234
1740557988451,166,32,0,0,0,370143
1740557988451,172,25,0,0,1,480074
1740557988451,173,25,0,0,1,474799
1740557988451,169,32,0,0,1,437704
1740557988451,162,21,0,0,1,422064
1740557988451,176,34,0,0,1,152568
1740557989451,160,16,0,0,0,21376
1740557989451,187,32,0,0,0,111408
1740557989451,184,30,0,0,0,190584
1740557989451,191,28,0,0,0,201091
1740557989451,180,21,0,0,0,227404
1740557989451,189,28,0,0,0,238058
1740557989451,183,27,0,0,0,269732
1740557989451,179,29,0,0,0,359542
1740557989451,188,22,0,0,1,495953
1740557989451,178,32,0,0,1,485208
1740557989451,185,29,0,0,1,427199
1740557989451,182,19,0,0,1,422104
1740557989451,181,25,0,0,1,289983
1740557989451,177,23,0,0,1,274164
1740557989451,190,23,0,0,1,142185
1740557990451,196,29,0,0,0,58574
1740557990451,192,32,0,0,0,85030
1740557990451,186,21,0,0,0,132347
1740557990451,195,25,0,0,0,169396
1740557990451,194,27,0,0,0,185266
1740557990451,193,21,0,0,0,227378
1740557990451,198,29,0,0,0,312009
1740557990451,197,32,0,0,1,490505
1740557990451,201,29,0,0,1,416638
1740557990451,200,28,0,0,1,369129
1740557990451,199,29,0,0,1,347985
1740557991451,202,23,0,0,0,26787
1740557991451,3,23,0,0,0,45345
1740557991451,205,30,0,0,0,206417
1740557991451,209,26,0,0,0,222176
1740557991451,210,24,0,0,0,269666
1740557991451,207,34,0,0,0,301519
1740557991451,204,30,0,0,1,453574
1740557991451,211,27,0,0,1,411409
1740557991451,208,23,0,0,1,395625
1740557991451,206,23,0,0,1,379786
1740557991451,203,29,0,0,1,295185
1740557992451,221,25,0,0,0,37361
1740557992451,220,29,0,0,0,111361
1740557992451,213,26,0,0,0,190525
1740557992451,215,26,0,0,0,216920
1740557992451,214,28,0,0,0,243357
1740557992451,222,29,0,0,0,311996
1740557992451,219,23,0,0,0,317180
1740557992451,223,34,0,0,0,385999
1740557992451,216,23,0,0,1,511774
1740557992451,224,27,0,0,1,443086
1740557992451,218,23,0,0,1,358655
1740557993451,227,30,0,0,0,42765
1740557993451,226,23,0,0,0,53195
1740557993451,232,28,0,0,0,58549
1740557993451,236,28,0,0,0,95498
1740557993451,234,26,0,0,0,148268
1740557993451,235,29,0,0,0,243352
1740557993451,217,22,0,0,0,269636
1740557993451,212,32,0,0,0,301510
1740557993451,228,34,0,0,0,349063
1740557993451,230,26,0,0,0,364760
1740557993451,225,20,0,0,1,432618
1740557993451,233,23,0,0,1,358673
1740557993451,231,34,0,0,1,326774
1740557993451,237,20,0,0,1,316478
1740557993451,229,26,0,0,1,289962
1740557994451,254,27,0,0,0,10999
1740557994451,238,23,0,0,0,16233
1740557994451,249,27,0,0,0,32126
1740557994451,240,23,0,0,0,53169
1740557994451,241,34,0,0,0,195946
1740557994451,243,28,0,0,0,238082
1740557994451,250,20,0,0,0,243202
1740557994451,248,23,0,0,0,385816
1740557994451,253,34,0,0,1,527438
1740557994451,257,30,0,0,1,490544
1740557994451,247,34,0,0,1,458793
1740557994451,244,30,0,0,1,400770
1740557994451,246,23,0,0,1,395624
1740557994451,252,32,0,0,1,321552
1740557994451,258,32,0,0,1,252925
1740557994451,239,25,0,0,1,237176
1740557995451,242,28,0,0,0,95515
1740557995451,259,26,0,0,0,100770
1740557995451,265,23,0,0,0,142945
1740557995451,260,26,0,0,0,148280
1740557995451,263,20,0,0,0,164013
1740557995451,262,26,0,0,0,322520
1740557995451,264,24,0,0,1,527605
1740557995451,261,25,0,0,1,495892
1740557995451,269,27,0,0,1,448366
1740557995451,251,23,0,0,1,400907
1740557995451,245,21,0,0,1,358690
1740557995451,266,29,0,0,1,337438
1740557995451,268,30,0,0,1,332136
1740557996451,274,28,0,0,0,5764
1740557996451,256,27,0,0,0,11010
1740557996451,278,20,0,0,0,32014
1740557996451,273,20,0,0,0,42581
1740557996451,255,28,0,0,0,95507
1740557996451,277,25,0,0,0,132433
1740557996451,290,27,0,0,0,148278
1740557996451,286,31,0,0,0,201157
1740557996451,267,20,0,0,0,243210
1740557996451,287,30,0,0,0,275057
1740557996451,284,30,0,0,1,522216
1740557996451,281,27,0,0,1,474754
1740557996451,283,28,0,0,1,464175
1740557996451,289,23,0,0,1,458993
1740557996451,285,26,0,0,1,421973
1740557996451,288,29,0,0,1,305764
1740557996451,271,23,0,0,1,274165
1740557996451,276,30,0,0,1,210675
1740557997451,293,27,0,0,0,11012
1740557997451,272,19,0,0,0,142890
1740557997451,270,17,0,0,0,163957
1740557997451,302,27,0,0,0,216913
1740557997451,301,26,0,0,0,222176
1740557997451,280,20,0,0,0,243191
1740557997451,282,20,0,0,1,527665
1740557997451,297,23,0,0,1,495948
1740557997451,294,20,0,0,1,485433
1740557997451,275,20,0,0,1,448469
1740557997451,299,26,0,0,1,411422
1740557997451,291,30,0,0,1,390203
1740557997451,300,27,0,0,1,385000
1740557997451,292,23,0,0,1,363933
1740557997451,298,30,0,0,1,242382
1740557997451,279,30,0,0,1,210687
1740557998451,310,28,0,0,0,37434
1740557998451,296,16,0,0,0,163930
1740557998451,307,29,0,0,0,285616
1740557998451,303,29,0,0,0,454582
1740557998451,305,26,0,0,1,511705
1740557998451,314,23,0,0,1,458982
1740557998451,316,25,0,0,1,400868
1740557998451,295,22,0,0,1,363963
1740557998451,308,32,0,0,1,342655
1740557998451,311,30,0,0,1,332127
1740557998451,309,29,0,0,1,300464
1740557998451,304,20,0,0,1,173898
1740557998451,312,30,0,0,1,168447
1740557999451,325,27,0,0,0,5714
1740557999451,329,27,0,0,0,148273
1740557999451,320,29,0,0,0,195855
1740557999451,319,32,0,0,0,206465
1740557999451,327,20,0,0,0,216799
1740557999451,306,19,0,0,0,243194
1740557999451,315,23,0,0,0,454466
1740557999451,326,28,0,0,1,516982
1740557999451,318,28,0,0,1,506396
1740557999451,321,25,0,0,1,501184
1740557999451,323,26,0,0,1,474778
1740557999451,322,30,0,0,1,443021
1740557999451,324,32,0,0,1,374350
1740557999451,313,27,0,0,1,300515
1740558000451,339,27,0,0,0,53237
1740558000451,338,27,0,0,0,127166
1740558000451,332,28,0,0,0,201116
1740558000451,337,32,0,0,1,522190
1740558000451,335,25,0,0,1,501186
1740558000451,336,20,0,0,1,480156
1740558000451,317,24,0,0,1,458952
1740558000451,328,25,0,0,1,443123
1740558000451,331,26,0,0,1,427243
1740558000451,340,27,0,0,1,353327
1740558000451,333,25,0,0,1,348067
1740558000451,334,30,0,0,1,263496
1740558000451,330,32,0,0,1,194810
1740558001451,354,28,0,0,0,458
1740558001451,345,27,0,0,0,11022
1740558001451,358,23,0,0,0,26765
1740558001451,352,23,0,0,0,42624
1740558001451,343,20,0,0,0,47862
1740558001451,348,29,0,0,0,95539
1740558001451,346,17,0,0,0,216745
1740558001451,341,23,0,0,1,517046
1740558001451,350,27,0,0,1,511712
1740558001451,359,22,0,0,1,459009
1740558001451,357,20,0,0,1,427359
1740558001451,353,20,0,0,1,395678
1740558001451,342,27,0,0,1,369141
1740558001451,349,22,0,0,1,348120
1740558001451,347,25,0,0,1,332230
1740558001451,344,20,0,0,1,231983
1740558001451,351,25,0,0,1,226634
1740558002451,368,26,0,0,0,21541
1740558002451,363,27,0,0,0,37412
1740558002451,365,29,0,0,0,158882
1740558002451,360,30,0,0,0,211725
1740558002451,367,25,0,0,0,412246
1740558002451,355,22,0,0,1,501223
1740558002451,364,17,0,0,1,480210
1740558002451,366,20,0,0,1,464314
1740558002451,361,20,0,0,1,342864
1740558003451,371,27,0,0,0,37400
1740558003451,377,28,0,0,0,63818
1740558003451,373,20,0,0,0,74253
1740558003451,370,20,0,0,0,90097
1740558003451,378,23,0,0,0,116525
1740558003451,374,26,0,0,0,190511
1740558003451,372,31,0,0,0,317337
1740558003451,375,27,0,0,0,391166
1740558003451,356,21,0,0,1,501252
1740558003451,362,20,0,0,1,427362
1740558003451,376,28,0,0,1,411370
1740558003451,369,29,0,0,1,384942
1740558004451,379,20,0,0,0,21454
1740558004451,381,26,0,0,0,201078
1740558004451,380,16,0,0,0,216762
1740558004451,385,32,0,0,0,285638
1740558004451,383,20,0,0,0,406888
1740558005451,386,23,0,0,0,10950
1740558005451,391,22,0,0,0,26765
1740558005451,394,25,0,0,0,32081
1740558005451,382,28,0,0,0,37434
1740558005451,384,21,0,0,0,90119
1740558005451,387,25,0,0,0,95458
1740558005451,390,34,0,0,0,185378
1740558005451,389,29,0,0,0,195854
1740558005451,393,34,0,0,0,306800
1740558005451,392,23,0,0,1,485383
1740558005451,395,25,0,0,1,390325
1740558006451,388,21,0,0,0,21476
1740558006451,399,25,0,0,0,53210
1740558006451,397,25,0,0,0,63780
1740558006451,400,30,0,0,0,121951
1740558006451,403,28,0,0,0,127178
1740558006451,406,33,0,0,0,132544
1740558006451,405,20,0,0,0,280156
1740558006451,398,20,0,0,1,511825
1740558006451,396,20,0,0,1,464298
1740558006451,401,28,0,0,1,411374
1740558006451,404,32,0,0,1,406045
1740558007451,402,24,0,0,0,63762
1740558007451,410,28,0,0,0,148318
1740558007451,417,23,0,0,0,185172
1740558007451,416,28,0,0,0,195815
1740558007451,411,30,0,0,0,201145
1740558007451,409,32,0,0,0,275105
1740558007451,412,25,0,0,0,290812
1740558007451,415,22,0,0,1,395638
1740558007451,419,32,0,0,1,374365
1740558007451,418,34,0,0,1,326798
1740558007451,408,27,0,0,1,268822
1740558007451,407,27,0,0,1,237136
1740558007451,414,34,0,0,1,205353
1740558008451,413,23,0,0,0,63723
1740558008451,426,25,0,0,0,248564
1740558008451,431,29,0,0,0,259188
1740558008451,424,28,0,0,0,275028
1740558008451,425,26,0,0,1,495892
1740558008451,428,25,0,0,1,485345
1740558008451,429,32,0,0,1,453557
1740558008451,421,25,0,0,1,342779
1740558008451,422,26,0,0,1,337489
1740558008451,423,23,0,0,1,321696
1740558008451,420,32,0,0,1,279297
1740558008451,427,26,0,0,1,189658
1740558009451,436,27,0,0,0,95479
1740558009451,433,30,0,0,0,132504
1740558009451,440,30,0,0,0,158892
1740558009451,435,30,0,0,0,195853
1740558009451,437,26,0,0,0,290816
1740558009451,432,25,0,0,0,338338
1740558009451,439,22,0,0,1,395651
1740558009451,434,25,0,0,1,247759
1740558009451,438,29,0,0,1,226564
1740558010451,447,32,0,0,0,5803
1740558010451,449,20,0,0,0,10880
1740558010451,453,23,0,0,0,21489
1740558010451,442,29,0,0,0,42729
1740558010451,443,24,0,0,0,90171
1740558010451,444,22,0,0,0,216842
1740558010451,448,30,0,0,0,253937
1740558010451,441,27,0,0,0,269738
1740558010451,457,25,0,0,0,401675
1740558010451,450,25,0,0,1,527603
1740558010451,451,27,0,0,1,517000
1740558010451,455,25,0,0,1,485358
1740558010451,446,28,0,0,1,363855
1740558010451,445,27,0,0,1,353308
1740558010451,430,23,0,0,1,321679
1740558010451,452,25,0,0,1,263602
1740558010451,456,27,0,0,1,200207
1740558011451,464,30,0,0,0,512
1740558011451,459,27,0,0,0,32144
1740558011451,454,29,0,0,0,42713
1740558011451,471,20,0,0,0,116485
1740558011451,466,28,0,0,0,153585
1740558011451,463,32,0,0,0,174776
1740558011451,460,30,0,0,0,195882
1740558011451,461,32,0,0,0,343743
1740558011451,470,26,0,0,1,416695
1740558011451,462,29,0,0,1,411345
1740558011451,465,26,0,0,1,279408
1740558011451,469,32,0,0,1,252910
1740558011451,458,27,0,0,1,184336
1740558012451,468,26,0,0,0,424
1740558012451,481,26,0,0,0,106028
1740558012451,477,21,0,0,0,216828
1740558012451,474,29,0,0,0,264496
1740558012451,482,25,0,0,1,527593
1740558012451,467,28,0,0,1,516966
1740558012451,473,27,0,0,1,469456
1740558012451,478,27,0,0,1,464191
1740558012451,475,20,0,0,1,406225
1740558012451,480,28,0,0,1,369135
1740558012451,484,25,0,0,1,247753
1740558012451,476,34,0,0,1,242294
1740558012451,483,24,0,0,1,200250
1740558013451,494,26,0,0,0,21539
1740558013451,107,41,0,1,0,54978
1740558013451,109,21,0,2,0,101358
1740558013451,106,41,0,1,0,139373
1740558013451,495,27,0,0,0,153553
1740558013451,487,30,0,0,0,201159
1740558013451,493,34,0,0,0,206490
1740558013451,485,30,0,0,0,243392
1740558013451,108,50,0,1,0,356333
1740558013451,472,23,0,0,1,517055
1740558013451,105,43,0,3,1,499344
1740558013451,490,23,0,0,1,495930
1740558013451,110,33,0,1,1,494630
1740558013451,479,23,0,0,1,464262
1740558013451,102,41,0,1,1,451885
1740558013451,104,49,0,1,1,425154
1740558013451,103,21,0,2,1,389661
1740558013451,491,20,0,0,1,385108
1740558013451,101,38,0,1,1,367633
1740558013451,486,32,0,0,1,310978
1740558013451,488,27,0,0,1,237142
1740558013451,489,23,0,0,1,221372
1740558014451,113,36,0,1,0,7184
1740558014451,112,57,0,1,0,13494
1740558014451,497,27,0,0,0,164138
1740558014451,114,24,0,2,0,170253
1740558014451,498,30,0,0,0,180038
1740558014451,115,27,0,2,0,228432
1740558014451,506,30,0,0,0,259217
1740558014451,502,28,0,0,0,269760
1740558014451,501,29,0,0,0,312010
1740558014451,121,48,0,3,0,335107
1740558014451,119,38,0,1,1,525984
1740558014451,492,24,0,0,1,517054
1740558014451,117,32,0,2,1,510496
1740558014451,503,27,0,0,1,474754
1740558014451,122,40,0,1,1,462578
1740558014451,499,30,0,0,1,453563
1740558014451,500,23,0,0,1,443134
1740558014451,507,25,0,0,1,432565
1740558014451,118,43,0,1,1,409638
1740558014451,496,33,0,0,1,374306
1740558014451,504,28,0,0,1,311066
1740558014451,111,41,0,3,1,219630
1740558014451,120,31,0,2,1,146235
1740558014451,116,45,0,3,1,97946
1740558015451,131,49,0,1,0,60602
1740558015451,509,25,0,0,0,74338
1740558015451,133,20,0,2,0,101324
1740558015451,513,27,0,0,0,111324
1740558015451,136,36,0,3,0,118007
1740558015451,132,32,0,2,0,128378
1740558015451,126,54,0,1,0,192906
1740558015451,130,46,0,1,0,197750
1740558015451,516,27,0,0,0,227479
1740558015451,140,36,0,1,0,249999
1740558015451,123,21,0,2,0,254499
1740558015451,512,27,0,0,0,280281
1740558015451,520,26,0,0,0,343615
1740558015451,128,53,0,2,0,409312
1740558015451,127,44,0,1,1,483468
1740558015451,505,23,0,0,1,474830
1740558015451,510,20,0,0,1,459031
1740558015451,518,30,0,0,1,453583
1740558015451,138,38,0,1,1,420444
1740558015451,519,29,0,0,1,369133
1740558015451,139,35,0,2,1,362526
1740558015451,124,39,0,1,1,346453
1740558015451,129,43,0,1,1,325067
1740558015451,508,28,0,0,1,316323
1740558015451,125,38,0,1,1,299016
1740558015451,134,47,0,1,1,282690
1740558015451,514,20,0,0,1,263674
1740558015451,517,25,0,0,1,226644
1740558015451,137,33,0,2,1,177819
1740558015451,135,44,0,1,1,166679
1740558016451,148,20,0,2,0,22169
1740558016451,4,30,0,0,0,45325
1740558016451,522,20,0,0,0,42574
1740558016451,528,29,0,0,0,79682
1740558016451,150,32,0,2,0,133655
1740558016451,146,30,0,2,0,154680
1740558016451,523,28,0,0,0,195836
1740558016451,147,26,0,2,0,228328
1740558016451,521,23,0,0,0,232716
1740558016451,530,26,0,0,0,243296
1740558016451,153,35,0,1,0,281648
1740558016451,515,24,0,0,1,517037
1740558016451,154,37,0,1,1,515527
1740558016451,531,25,0,0,1,506488
1740558016451,144,21,0,2,1,495269
1740558016451,527,25,0,0,1,443106
1740558016451,151,38,0,1,1,404620
1740558016451,143,56,0,3,1,398381
1740558016451,145,33,0,2,1,373193
1740558016451,529,31,0,0,1,342703
1740558016451,525,20,0,0,1,337594
1740558016451,149,21,0,2,1,315755
1740558016451,511,27,0,0,1,311066
1740558016451,524,30,0,0,1,289888
1740558016451,141,49,0,1,1,287800
1740558016451,152,34,0,1,1,267518
1740558017451,533,30,0,0,0,5799
1740558017451,157,33,0,2,0,6976
1740558017451,155,22,0,2,0,22174
1740558017451,165,41,0,1,0,28475
1740558017451,535,30,0,0,0,32178
1740558017451,534,30,0,0,0,143079
1740558017451,164,51,0,3,0,234907
1740558017451,532,29,0,0,0,248656
1740558017451,163,20,0,2,0,254477
1740558017451,537,28,0,0,0,296145
1740558017451,156,33,0,2,1,515779
1740558017451,526,23,0,0,1,474818
1740558017451,142,30,0,2,1,420880
1740558017451,158,39,0,3,1,341096
1740558017451,536,26,0,0,1,305815
1740558017451,161,42,0,1,1,251278
1740558017451,159,26,0,2,1,146496
1740558018451,171,21,0,2,0,16886
1740558018451,544,28,0,0,0,21585
1740558018451,546,34,0,0,0,48077
1740558018451,539,28,0,0,0,90237
1740558018451,541,25,0,0,0,106014
1740558018451,538,23,0,0,0,132387
1740558018451,170,28,0,2,0,133434
1740558018451,175,45,0,1,0,144943
1740558018451,167,29,0,2,0,154633
1740558018451,174,55,0,3,0,166513
1740558018451,168,35,0,1,0,186597
1740558018451,166,46,0,1,0,372031
1740558018451,540,27,0,0,1,480022
1740558018451,172,31,0,2,1,478897
1740558018451,173,32,0,2,1,473558
1740558018451,542,25,0,0,1,464226
1740558018451,169,48,0,3,1,435732
1740558018451,549,26,0,0,1,432545
1740558018451,162,29,0,2,1,420997
1740558018451,548,32,0,0,1,347950
1740558018451,176,52,0,1,1,150413
1740558019451,160,24,0,2,0,22220
1740558019451,547,28,0,0,0,47976
1740558019451,550,28,0,0,0,63838
1740558019451,545,28,0,0,0,90222
1740558019451,552,26,0,0,0,100759
1740558019451,543,26,0,0,0,106010
1740558019451,187,41,0,1,0,113075
1740558019451,557,25,0,0,0,127118
1740558019451,184,46,0,1,0,192451
1740558019451,191,35,0,1,0,202478
1740558019451,180,26,0,2,0,228352
1740558019451,559,24,0,0,0,232712
1740558019451,189,35,0,1,0,239420
1740558019451,554,26,0,0,0,243316
1740558019451,183,38,0,3,0,271254
1740558019451,179,43,0,1,0,361268
1740558019451,188,22,0,2,1,495166
1740558019451,178,42,0,3,1,483480
1740558019451,185,43,0,3,1,425452
1740558019451,182,25,0,3,1,421218
1740558019451,555,28,0,0,1,295224
1740558019451,181,32,0,2,1,288765
1740558019451,553,25,0,0,1,284708
1740558019451,177,28,0,2,1,273094
1740558019451,551,23,0,0,1,226651
1740558019451,556,25,0,0,1,184403
1740558019451,190,28,0,2,1,141125
1740558019451,560,30,0,0,1,131510
1740558020451,563,28,0,0,0,478
1740558020451,569,25,0,0,0,21534
1740558020451,196,41,0,2,0,60224
1740558020451,558,29,0,0,0,63835
1740558020451,192,47,0,1,0,86932
1740558020451,562,26,0,0,0,100747
1740558020451,186,27,0,2,0,133364
1740558020451,570,25,0,0,0,164075
1740558020451,195,28,0,2,0,170445
1740558020451,194,30,0,2,0,186456
1740558020451,193,27,0,3,0,228357
1740558020451,198,44,0,1,0,313782
1740558020451,566,20,0,0,0,385763
1740558020451,568,20,0,0,1,490718
1740558020451,197,45,0,1,1,488674
1740558020451,571,26,0,0,1,485345
1740558020451,567,23,0,0,1,453707
1740558020451,201,41,0,1,1,415012
1740558020451,200,37,0,2,1,367644
1740558020451,565,26,0,0,1,353331
1740558020451,199,39,0,2,1,346435
1740558020451,561,23,0,0,1,142165
1740558021451,202,26,0,2,0,27766
1740558021451,3,0,0,1,0,45545
1740558021451,576,30,0,0,0,32177
1740558021451,564,23,0,0,0,47920
1740558021451,575,26,0,0,0,74348
1740558021451,573,29,0,0,0,95536
1740558021451,572,20,0,0,0,100638
1740558021451,205,43,0,1,0,208137
1740558021451,580,30,0,0,0,222251
1740558021451,209,34,0,2,0,223520
1740558021451,210,31,0,2,0,270839
1740558021451,207,50,0,1,0,303562
1740558021451,577,25,0,0,0,359440
1740558021451,578,32,0,0,1,501077
1740558021451,204,45,0,2,1,451754
1740558021451,579,27,0,0,1,443087
1740558021451,211,35,0,1,1,410018
1740558021451,208,28,0,2,1,394565
1740558021451,206,26,0,2,1,378803
1740558021451,574,27,0,0,1,363868
1740558021451,203,39,0,1,1,293614
1740558022451,586,25,0,0,0,21553
1740558022451,590,30,0,0,0,26912
1740558022451,221,31,0,2,0,38547
1740558022451,591,30,0,0,0,79705
1740558022451,220,37,0,1,0,112850
1740558022451,583,27,0,0,0,137744
1740558022451,581,26,0,0,0,190526
1740558022451,213,36,0,1,0,191939
1740558022451,589,30,0,0,0,195867
1740558022451,215,33,0,2,0,218220
1740558022451,214,36,0,2,0,244784
1740558022451,222,42,0,1,0,313693
1740558022451,219,28,0,2,0,318218
1740558022451,223,53,0,1,0,388169
1740558022451,585,32,0,0,1,511618
1740558022451,216,27,0,2,1,510762
1740558022451,595,27,0,0,1,495887
1740558022451,224,37,0,1,1,441633
1740558022451,596,28,0,0,1,411388
1740558022451,582,23,0,0,1,406168
1740558022451,584,20,0,0,1,395664
1740558022451,218,28,0,2,1,357613
1740558022451,587,24,0,0,1,337523
1740558022451,588,25,0,0,1,332231
1740558022451,593,29,0,0,1,311038
1740558022451,597,34,0,0,1,231768
1740558022451,592,34,0,0,1,215914
1740558022451,594,23,0,0,1,142184
1740558023451,227,47,0,1,0,44671
1740558023451,226,28,0,2,0,54258
1740558023451,232,38,0,3,0,60071
1740558023451,599,32,0,0,0,63904
1740558023451,236,41,0,1,0,97115
1740558023451,600,21,0,0,0,100661
1740558023451,598,29,0,0,0,143049
1740558023451,234,32,0,1,0,149510
1740558023451,235,36,0,1,0,244785
1740558023451,217,28,0,2,0,270688
1740558023451,212,45,0,1,0,303339
1740558023451,228,54,0,3,0,351297
1740558023451,230,34,0,2,0,366095
1740558023451,225,21,0,2,1,431883
1740558023451,602,30,0,0,1,400782
1740558023451,233,24,0,2,1,357778
1740558023451,231,51,0,3,1,324664
1740558023451,237,20,0,2,1,315769
1740558023451,229,33,0,2,1,288666
1740558023451,601,28,0,0,1,284660
1740558024451,254,38,0,1,0,12482
1740558024451,603,27,0,0,0,16304
1740558024451,238,23,0,2,0,17070
1740558024451,249,36,0,2,0,33533
1740558024451,605,24,0,0,0,47916
1740558024451,240,25,0,2,0,54075
1740558024451,241,50,0,1,0,198020
1740558024451,243,37,0,3,0,239535
1740558024451,250,20,0,2,0,243912
1740558024451,607,29,0,0,0,248650
1740558024451,612,32,0,0,0,290922
1740558024451,248,27,0,2,0,386820
1740558024451,253,50,0,3,1,525397
1740558024451,257,44,0,3,1,488762
1740558024451,247,54,0,3,1,456569
1740558024451,610,34,0,0,1,421839
1740558024451,244,39,0,1,1,399197
1740558024451,606,20,0,0,1,395666
1740558024451,246,28,0,2,1,394576
1740558024451,608,20,0,0,1,379836
1740558024451,609,25,0,0,1,337500
1740558024451,252,45,0,1,1,319734
1740558024451,258,44,0,1,1,251121
1740558024451,239,32,0,2,1,235935
1740558024451,604,25,0,0,1,105182
1740558025451,616,28,0,0,0,32151
1740558025451,614,23,0,0,0,74301
1740558025451,242,39,0,2,0,97075
1740558025451,259,25,0,2,0,101700
1740558025451,617,27,0,0,0,106052
1740558025451,619,29,0,0,0,143040
1740558025451,265,28,0,2,0,144013
1740558025451,260,33,0,2,0,149568
1740558025451,263,21,0,2,0,164731
1740558025451,262,32,0,2,0,323785
1740558025451,621,29,0,0,0,375356
1740558025451,615,23,0,0,0,406945
1740558025451,264,30,0,2,1,526472
1740558025451,618,20,0,0,1,517115
1740558025451,261,24,0,2,1,494989
1740558025451,620,29,0,0,1,474730
1740558025451,269,37,0,1,1,446925
1740558025451,613,25,0,0,1,400862
1740558025451,251,27,0,2,1,399904
1740558025451,611,19,0,0,1,395703
1740558025451,245,24,0,2,1,357810
1740558025451,266,42,0,3,1,335737
1740558025451,268,45,0,1,1,330301
1740558026451,633,28,0,0,0,5735
1740558026451,274,35,0,1,0,7164
1740558026451,256,38,0,3,0,12498
1740558026451,278,20,0,2,0,32731
1740558026451,273,21,0,2,0,43309
1740558026451,255,37,0,2,0,96983
1740558026451,277,33,0,3,0,133737
1740558026451,624,29,0,0,0,148336
1740558026451,290,31,0,2,0,149488
1740558026451,626,30,0,0,0,169471
1740558026451,286,40,0,1,0,202778
1740558026451,267,20,0,3,0,243896
1740558026451,287,45,0,1,0,276864
1740558026451,634,29,0,0,1,527531
1740558026451,284,43,0,1,1,520486
1740558026451,625,28,0,0,1,485294
1740558026451,281,35,0,3,1,473365
1740558026451,623,23,0,0,1,464245
1740558026451,283,40,0,1,1,462564
1740558026451,289,26,0,2,1,458023
1740558026451,285,30,0,2,1,420795
1740558026451,627,34,0,0,1,369023
1740558026451,632,24,0,0,1,332257
1740558026451,288,42,0,1,1,304065
1740558026451,630,30,0,0,1,300455
1740558026451,271,27,0,2,1,273135
1740558026451,276,46,0,3,1,208791
1740558026451,631,26,0,0,1,152698
1740558026451,629,25,0,0,1,147434
1740558026451,622,24,0,0,1,105182
1740558027451,293,36,0,3,0,12439
1740558027451,638,31,0,0,0,16376
1740558027451,635,26,0,0,0,69080
1740558027451,640,27,0,0,0,106043
1740558027451,639,23,0,0,0,121823
1740558027451,642,23,0,0,0,132377
1740558027451,272,26,0,2,0,143854
1740558027451,270,22,0,2,0,164705
1740558027451,302,35,0,2,0,218298
1740558027451,301,34,0,2,0,223496
1740558027451,280,20,0,0,0,243859
1740558027451,636,34,0,0,0,380743
1740558027451,282,21,0,2,1,526946
1740558027451,297,23,0,2,1,495110
1740558027451,294,21,0,2,1,484716
1740558027451,275,20,0,2,1,447757
1740558027451,643,29,0,0,1,443052
1740558027451,299,34,0,1,1,410110
1740558027451,641,25,0,0,1,400868
1740558027451,291,44,0,3,1,388436
1740558027451,300,37,0,3,1,383562
1740558027451,628,32,0,0,1,369070
1740558027451,644,29,0,0,1,363844
1740558027451,292,28,0,2,1,362867
1740558027451,637,32,0,0,1,247615
1740558027451,298,47,0,1,1,240496
1740558027451,279,42,0,1,1,208976
1740558028451,310,35,0,1,0,38799
1740558028451,651,26,0,0,0,47941
1740558028451,650,27,0,0,0,148285
1740558028451,296,21,0,0,0,164663
1740558028451,307,44,0,3,0,287400
1740558028451,648,34,0,0,0,338497
1740558028451,652,34,0,0,0,354312
1740558028451,303,39,0,1,0,456149
1740558028451,649,23,0,0,1,527620
1740558028451,305,30,0,3,1,510530
1740558028451,314,25,0,2,1,458073
1740558028451,316,28,0,2,1,399801
1740558028451,646,31,0,0,1,384904
1740558028451,295,24,0,2,1,363073
1740558028451,308,50,0,1,1,340623
1740558028451,311,46,0,1,1,330250
1740558028451,309,40,0,1,1,298861
1740558028451,647,23,0,0,1,194970
1740558028451,304,21,0,2,1,173170
1740558028451,312,46,0,1,1,166567
1740558029451,325,34,0,2,0,7043
1740558029451,665,20,0,0,0,42554
1740558029451,656,23,0,0,0,74318
1740558029451,329,32,0,2,0,149501
1740558029451,657,23,0,0,0,164066
1740558029451,320,43,0,1,0,197597
1740558029451,319,50,0,3,0,208501
1740558029451,327,20,0,2,0,217509
1740558029451,306,19,0,0,0,243854
1740558029451,660,34,0,0,0,248719
1740558029451,662,25,0,0,0,333046
1740558029451,315,26,0,2,0,455452
1740558029451,326,40,0,2,1,515392
1740558029451,659,25,0,0,1,506471
1740558029451,318,40,0,1,1,504811
1740558029451,321,31,0,2,1,499992
1740558029451,654,29,0,0,1,495821
1740558029451,661,26,0,0,1,490610
1740558029451,323,34,0,3,1,473463
1740558029451,322,42,0,1,1,441334
1740558029451,324,43,0,1,1,372612
1740558029451,645,29,0,0,1,363824
1740558029451,655,28,0,0,1,353282
1740558029451,313,33,0,2,1,299206
1740558030451,653,24,0,0,0,47942
1740558030451,339,29,0,2,0,54339
1740558030451,338,34,0,1,0,128505
1740558030451,332,40,0,2,0,202695
1740558030451,658,20,0,0,1,527660
1740558030451,337,48,0,1,1,520214
1740558030451,670,26,0,0,1,501178
1740558030451,335,31,0,2,1,499987
1740558030451,336,20,0,2,1,479445
1740558030451,317,30,0,2,1,457813
1740558030451,328,31,0,2,1,441942
1740558030451,331,34,0,1,1,425898
1740558030451,666,22,0,0,1,379785
1740558030451,663,20,0,0,1,363981
1740558030451,340,36,0,1,1,351912
1740558030451,669,23,0,0,1,348103
1740558030451,333,31,0,2,1,346881
1740558030451,668,26,0,0,1,305812
1740558030451,334,44,0,1,1,261730
1740558030451,330,48,0,1,1,192853
1740558031451,354,36,0,2,0,1895
1740558031451,345,37,0,1,0,12501
1740558031451,358,27,0,2,0,27775
1740558031451,352,22,0,2,0,43439
1740558031451,343,21,0,2,0,48587
1740558031451,671,30,0,0,0,63879
1740558031451,348,40,0,1,0,97139
1740558031451,675,20,0,0,0,127050
1740558031451,679,25,0,0,0,132402
1740558031451,677,31,0,0,0,169474
1740558031451,676,27,0,0,0,190526
1740558031451,346,20,0,0,0,217438
1740558031451,667,18,0,0,1,527708
1740558031451,341,34,0,2,1,515741
1740558031451,350,30,0,1,1,510535
1740558031451,680,31,0,0,1,485264
1740558031451,359,25,0,2,1,458095
1740558031451,672,32,0,0,1,448264
1740558031451,357,20,0,2,1,426649
1740558031451,673,26,0,0,1,406126
1740558031451,674,24,0,0,1,395600
1740558031451,353,20,0,2,1,394968
1740558031451,342,36,0,3,1,367729
1740558031451,664,21,0,0,1,363982
1740558031451,349,27,0,2,1,347135
1740558031451,347,29,0,2,1,331102
1740558031451,344,21,0,2,1,231264
1740558031451,351,30,0,2,1,225492
1740558031451,678,28,0,0,1,179062
1740558032451,368,28,0,1,0,22617
1740558032451,685,26,0,0,0,32108
1740558032451,363,35,0,3,0,38804
1740558032451,687,27,0,0,0,137726
1740558032451,365,39,0,1,0,160428
1740558032451,360,40,0,1,0,213321
1740558032451,684,28,0,0,0,227511
1740558032451,682,33,0,0,0,248732
1740558032451,681,32,0,0,0,285672
1740558032451,367,31,0,2,0,413439
1740558032451,355,29,0,2,1,500102
1740558032451,683,25,0,0,1,495902
1740558032451,364,21,0,0,1,479506
1740558032451,366,20,0,2,1,463601
1740558032451,688,32,0,0,1,437711
1740558032451,690,28,0,0,1,416662
1740558032451,361,21,0,2,1,342144
1740558032451,689,27,0,0,1,337474
1740558032451,692,27,0,0,1,194912
1740558032451,686,23,0,0,1,163300
1740558033451,371,33,0,1,0,38668
1740558033451,377,36,0,1,0,65255
1740558033451,698,20,0,0,0,74247
1740558033451,373,20,0,2,0,74968
1740558033451,370,20,0,2,0,90814
1740558033451,697,26,0,0,0,100759
1740558033451,700,29,0,0,0,111363
1740558033451,378,26,0,3,0,117492
1740558033451,695,23,0,0,0,121827
1740558033451,699,28,0,0,0,143025
1740558033451,374,35,0,1,0,191870
1740558033451,702,28,0,0,0,232772
1740558033451,696,30,0,0,0,301478
1740558033451,372,38,0,3,0,318853
1740558033451,375,38,0,2,0,392654
1740558033451,694,23,0,0,1,506495
1740558033451,356,28,0,2,1,500222
1740558033451,691,20,0,0,1,495993
1740558033451,362,21,0,2,1,426622
1740558033451,376,37,0,1,1,409909
1740558033451,369,41,0,3,1,383296
1740558033451,693,30,0,0,1,358521
1740558033451,701,26,0,0,1,237177
1740558034451,379,21,0,2,0,22172
1740558034451,712,20,0,0,0,68959
1740558034451,704,30,0,0,0,95559
1740558034451,708,24,0,0,0,111276
1740558034451,703,27,0,0,0,185264
1740558034451,381,35,0,2,0,202458
1740558034451,705,29,0,0,0,206415
1740558034451,380,22,0,3,0,217511
1740558034451,385,41,0,3,0,287302
1740558034451,707,26,0,0,0,333072
1740558034451,383,21,0,3,0,407604
1740558034451,711,19,0,0,1,506562
1740558034451,713,28,0,0,1,437791
1740558034451,709,25,0,0,1,342788
1740558034451,706,25,0,0,1,279426
1740558034451,710,25,0,0,1,126313
1740558035451,386,28,0,2,0,12008
1740558035451,391,27,0,2,0,27796
1740558035451,394,30,0,2,0,33228
1740558035451,382,30,0,2,0,38598
1740558035451,716,22,0,0,0,42618
1740558035451,384,21,0,2,0,90856
1740558035451,387,33,0,2,0,96738
1740558035451,720,29,0,0,0,180007
1740558035451,390,48,0,1,0,187341
1740558035451,389,41,0,2,0,197491
1740558035451,393,54,0,1,0,309022
1740558035451,715,28,0,0,0,364804
1740558035451,717,28,0,0,1,516961
1740558035451,714,17,0,0,1,506605
1740558035451,724,28,0,0,1,485308
1740558035451,392,26,0,2,1,484400
1740558035451,718,34,0,0,1,432375
1740558035451,725,25,0,0,1,390325
1740558035451,395,30,0,2,1,389189
1740558035451,719,20,0,0,1,358710
1740558035451,721,28,0,0,1,353295
1740558036451,732,30,0,0,0,21632
1740558036451,388,21,0,3,0,22229
1740558036451,722,21,0,0,0,42605
1740558036451,399,30,0,2,0,54369
1740558036451,397,32,0,2,0,64999
1740558036451,736,21,0,0,0,68981
1740558036451,400,39,0,1,0,123527
1740558036451,403,37,0,1,0,128634
1740558036451,406,42,0,3,0,134233
1740558036451,733,28,0,0,0,169425
1740558036451,731,31,0,0,0,180016
1740558036451,737,26,0,0,0,190498
1740558036451,405,20,0,2,0,280863
1740558036451,727,27,0,0,1,522262
1740558036451,398,21,0,3,1,511107
1740558036451,396,21,0,2,1,463553
1740558036451,723,28,0,0,1,432484
1740558036451,734,28,0,0,1,427222
1740558036451,730,30,0,0,1,421882
1740558036451,401,40,0,2,1,409774
1740558036451,404,49,0,1,1,404065
1740558036451,726,23,0,0,1,369212
1740558036451,728,26,0,0,1,342753
1740558036451,729,23,0,0,1,210810
1740558037451,402,27,0,2,0,64786
1740558037451,744,29,0,0,0,100801
1740558037451,743,29,0,0,0,143033
1740558037451,410,36,0,1,0,149762
1740558037451,417,28,0,2,0,186218
1740558037451,416,35,0,1,0,197207
1740558037451,411,37,0,1,0,202605
1740558037451,747,30,0,0,0,206406
1740558037451,746,34,0,0,0,254002
1740558037451,409,48,0,1,0,277089
1740558037451,412,32,0,2,0,292061
1740558037451,738,16,0,0,1,506606
1740558037451,745,34,0,0,1,474631
1740558037451,742,33,0,0,1,448240
1740558037451,415,22,0,2,1,394851
1740558037451,740,26,0,0,1,390293
1740558037451,739,26,0,0,1,379721
1740558037451,419,47,0,1,1,372432
1740558037451,735,25,0,0,1,342784
1740558037451,418,46,0,1,1,324901
1740558037451,741,30,0,0,1,268761
1740558037451,408,38,0,1,1,267315
1740558037451,407,35,0,1,1,235765
1740558037451,414,53,0,3,1,203170
1740558038451,756,20,0,0,0,16166
1740558038451,755,21,0,0,0,42600
1740558038451,413,29,0,3,0,64822
1740558038451,748,23,0,0,0,137672
1740558038451,761,30,0,0,0,164163
1740558038451,760,26,0,0,0,190499
1740558038451,426,32,0,2,0,249784
1740558038451,431,36,0,3,0,260633
1740558038451,424,39,0,2,0,276574
1740558038451,758,32,0,0,0,280362
1740558038451,750,20,0,0,1,501267
1740558038451,425,33,0,2,1,494600
1740558038451,749,30,0,0,1,485244
1740558038451,428,26,0,2,1,484377
1740558038451,429,51,0,1,1,451491
1740558038451,421,24,0,2,1,341887
1740558038451,422,35,0,2,1,336118
1740558038451,423,27,0,2,1,320691
1740558038451,752,27,0,0,1,305782
1740558038451,753,34,0,0,1,284543
1740558038451,420,47,0,3,1,277364
1740558038451,751,20,0,0,1,195024
1740558038451,427,35,0,3,1,188303
1740558038451,759,32,0,0,1,152597
1740558038451,757,34,0,0,1,115593
1740558039451,436,32,0,2,0,96734
1740558039451,433,40,0,1,0,134102
1740558039451,754,23,0,0,0,137651
1740558039451,440,44,0,1,0,160671
1740558039451,435,34,0,3,0,197214
1740558039451,762,32,0,0,0,238143
1740558039451,437,30,0,2,0,291966
1740558039451,765,25,0,0,0,296078
1740558039451,768,28,0,0,0,311969
1740558039451,432,31,0,2,0,339552
1740558039451,766,29,0,0,1,516965
1740558039451,767,14,0,0,1,506662
1740558039451,439,22,0,2,1,394854
1740558039451,769,28,0,0,1,363874
1740558039451,764,26,0,0,1,353336
1740558039451,763,34,0,0,1,321503
1740558039451,434,30,0,2,1,246617
1740558039451,438,36,0,2,1,225123
1740558040451,447,43,0,1,0,7559
1740558040451,449,20,0,2,0,11588
1740558040451,779,26,0,0,0,21542
1740558040451,453,23,0,2,0,22304
1740558040451,442,31,0,2,0,43951
1740558040451,772,29,0,0,0,48016
1740558040451,770,34,0,0,0,63953
1740558040451,775,20,0,0,0,84813
1740558040451,776,32,0,0,0,90289
1740558040451,443,23,0,2,0,91034
1740558040451,771,27,0,0,0,169421
1740558040451,444,24,0,2,0,217732
1740558040451,448,39,0,1,0,255493
1740558040451,441,38,0,2,0,271263
1740558040451,457,30,0,2,0,402807
1740558040451,450,31,0,2,1,526423
1740558040451,451,35,0,2,1,515610
1740558040451,774,28,0,0,1,485284
1740558040451,455,28,0,2,1,484304
1740558040451,780,26,0,0,1,437827
1740558040451,773,25,0,0,1,385022
1740558040451,446,37,0,2,1,362384
1740558040451,445,35,0,1,1,351935
1740558040451,430,26,0,2,1,320708
1740558040451,777,29,0,0,1,300481
1740558040451,778,28,0,0,1,284655
1740558040451,452,29,0,2,1,262490
1740558040451,456,35,0,3,1,198850
1740558041451,464,39,0,1,0,2089
1740558041451,782,27,0,0,0,26862
1740558041451,459,33,0,2,0,33424
1740558041451,791,23,0,0,0,42614
1740558041451,454,32,0,2,0,43948
1740558041451,471,21,0,3,0,117199
1740558041451,466,38,0,3,0,155094
1740558041451,789,28,0,0,0,158858
1740558041451,463,49,0,1,0,176782
1740558041451,792,24,0,0,0,190475
1740558041451,460,32,0,1,0,197161
1740558041451,785,28,0,0,0,306717
1740558041451,461,51,0,3,0,345835
1740558041451,781,23,0,0,1,485386
1740558041451,790,25,0,0,1,480079
1740558041451,784,32,0,0,1,474657
1740558041451,470,35,0,2,1,415315
1740558041451,462,41,0,1,1,409699
1740558041451,788,25,0,0,1,369178
1740558041451,787,25,0,0,1,289989
1740558041451,783,20,0,0,1,284800
1740558041451,465,36,0,3,1,278015
1740558041451,469,48,0,3,1,250950
1740558041451,786,26,0,0,1,247724
1740558041451,458,35,0,1,1,182940
1740558042451,468,36,0,2,0,1817
1740558042451,800,26,0,0,0,21543
1740558042451,794,25,0,0,0,47933
1740558042451,801,28,0,0,0,90225
1740558042451,796,20,0,0,0,105930
1740558042451,481,36,0,2,0,107434
1740558042451,798,30,0,0,0,116665
1740558042451,803,32,0,0,0,201156
1740558042451,477,24,0,2,0,217707
1740558042451,474,44,0,2,0,266267
1740558042451,793,23,0,0,0,412236
1740558042451,482,32,0,2,1,526377
1740558042451,467,31,0,1,1,515761
1740558042451,473,35,0,3,1,468085
1740558042451,478,21,0,2,1,463398
1740558042451,797,32,0,0,1,448263
1740558042451,802,26,0,0,1,427258
1740558042451,799,29,0,0,1,406078
1740558042451,475,21,0,3,1,405506
1740558042451,480,37,0,3,1,367662
1740558042451,484,31,0,2,1,246570
1740558042451,476,53,0,1,1,240106
1740558042451,483,31,0,2,1,199064
1740558043451,805,23,0,0,0,16218
1740558043451,494,22,0,2,0,22351
1740558043451,107,68,0,2,0,57965
1740558043451,806,28,0,0,0,79665
1740558043451,109,44,0,1,0,103292
1740558043451,106,62,0,3,0,142095
1740558043451,495,37,0,2,0,154989
1740558043451,487,39,0,1,0,202732
1740558043451,493,53,0,3,0,208676
1740558043451,485,26,0,2,0,244379
1740558043451,811,30,0,0,0,253944
1740558043451,108,70,0,1,0,359417
1740558043451,472,27,0,2,1,516048
1740558043451,105,67,0,2,1,496397
1740558043451,110,57,0,1,1,492114
1740558043451,490,27,0,2,1,494910
1740558043451,812,25,0,0,1,485358
1740558043451,810,25,0,0,1,480067
1740558043451,813,26,0,0,1,464219
1740558043451,479,22,0,2,1,463451
1740558043451,102,67,0,2,1,448945
1740558043451,808,20,0,0,1,437914
1740558043451,104,70,0,2,1,422070
1740558043451,103,44,0,2,1,387747
1740558043451,491,21,0,2,1,384389
1740558043451,101,59,0,3,1,365017
1740558043451,486,43,0,1,1,309227
1740558043451,807,26,0,0,1,268855
1740558043451,488,36,0,3,1,235702
1740558043451,489,27,0,2,1,220341
1740558043451,804,29,0,0,1,105104
1740558044451,113,62,0,2,0,9888
1740558044451,819,29,0,0,0,11049
1740558044451,112,75,0,3,0,16798
1740558044451,795,24,0,0,0,47943
1740558044451,824,27,0,0,0,58526
1740558044451,816,25,0,0,0,74338
1740558044451,814,23,0,0,0,132392
1740558044451,497,30,0,1,0,165285
1740558044451,114,42,0,1,0,172069
1740558044451,829,28,0,0,0,174698
1740558044451,498,41,0,1,0,181715
1740558044451,115,51,0,1,0,230675
1740558044451,820,30,0,0,0,243392
1740558044451,828,24,0,0,0,253820
1740558044451,506,44,0,1,0,260985
1740558044451,502,40,0,3,0,271378
1740558044451,501,43,0,3,0,313722
1740558044451,121,70,0,1,0,338191
1740558044451,119,64,0,2,1,523170
1740558044451,492,25,0,2,1,516141
1740558044451,117,55,0,1,1,508096
1740558044451,825,29,0,0,1,474717
1740558044451,503,35,0,3,1,473392
1740558044451,122,62,0,2,1,459856
1740558044451,499,45,0,1,1,451731
1740558044451,500,26,0,2,1,442158
1740558044451,507,30,0,2,1,431412
1740558044451,818,26,0,0,1,411410
1740558044451,118,64,0,1,1,406817
1740558044451,496,49,0,1,1,372299
1740558044451,815,23,0,0,1,358650
1740558044451,822,20,0,0,1,348155
1740558044451,821,34,0,0,1,337343
1740558044451,826,25,0,0,1,326959
1740558044451,504,36,0,1,1,309662
1740558044451,817,24,0,0,1,289996
1740558044451,823,22,0,0,1,284754
1740558044451,111,62,0,1,1,216908
1740558044451,120,55,0,1,1,143835
1740558044451,116,70,0,2,1,94862
1740558045451,809,22,0,0,0,16220
1740558045451,840,28,0,0,0,42692
1740558045451,831,25,0,0,0,53223
1740558045451,131,70,0,3,0,63686
1740558045451,509,29,0,2,0,75426
1740558045451,133,46,0,1,0,103321
1740558045451,513,37,0,1,0,112804
1740558045451,136,59,0,1,0,120623
1740558045451,132,55,0,2,0,130778
1740558045451,838,20,0,0,0,142887
1740558045451,126,75,0,3,0,196190
1740558045451,130,70,0,1,0,200834
1740558045451,516,33,0,1,0,228750
1740558045451,140,59,0,2,0,252614
1740558045451,123,44,0,2,0,256413
1740558045451,832,34,0,0,0,269873
1740558045451,512,25,0,2,0,281226
1740558045451,520,35,0,2,0,344998
1740558045451,128,75,0,3,0,412616
1740558045451,127,67,0,2,1,480521
1740558045451,841,26,0,0,1,474784
1740558045451,505,26,0,2,1,473877
1740558045451,842,26,0,0,1,458945
1740558045451,510,20,0,2,1,458317
1740558045451,518,41,0,3,1,451949
1740558045451,830,28,0,0,1,448319
1740558045451,839,20,0,0,1,427358
1740558045451,138,62,0,2,1,417722
1740558045451,833,30,0,0,1,390205
1740558045451,519,38,0,1,1,367614
1740558045451,139,57,0,1,1,360010
1740558045451,124,62,0,3,1,343731
1740558045451,837,23,0,0,1,342821
1740558045451,129,70,0,3,1,321998
1740558045451,508,36,0,1,1,314905
1740558045451,125,59,0,1,1,296400
1740558045451,134,70,0,1,1,279606
1740558045451,514,21,0,2,1,262958
1740558045451,517,29,0,3,1,225538
1740558045451,137,57,0,1,1,175303
1740558045451,135,67,0,2,1,163732
1740558046451,148,44,0,2,0,24065
1740558046451,4,0,0,1,0,45545
1740558046451,522,21,0,2,0,43292
1740558046451,849,25,0,0,0,69052
1740558046451,528,40,0,3,0,81300
1740558046451,848,26,0,0,0,100759
1740558046451,150,55,0,2,0,136055
1740558046451,146,55,0,1,0,157075
1740558046451,850,25,0,0,0,190498
1740558046451,523,35,0,1,0,197231
1740558046451,853,26,0,0,0,211628
1740558046451,147,61,0,2,0,230986
1740558046451,521,29,0,2,0,233796
1740558046451,530,28,0,2,0,244356
1740558046451,855,29,0,0,0,264482
1740558046451,854,28,0,0,0,280305
1740558046451,153,59,0,1,0,284263
1740558046451,845,30,0,0,0,317318
1740558046451,851,26,0,0,0,333074
1740558046451,515,25,0,2,1,516095
1740558046451,154,62,0,3,1,512810
1740558046451,531,30,0,2,1,505339
1740558046451,856,27,0,0,1,501168
1740558046451,144,44,0,2,1,493359
1740558046451,834,20,0,0,1,448466
1740558046451,527,30,0,2,1,441944
1740558046451,151,59,0,2,1,402004
1740558046451,143,72,0,2,1,395198
1740558046451,835,23,0,0,1,390334
1740558046451,847,28,0,0,1,374402
1740558046451,145,55,0,3,1,370793
1740558046451,852,28,0,0,1,369133
1740558046451,827,21,0,0,1,348133
1740558046451,529,31,0,2,1,341490
1740558046451,525,21,0,2,1,336878
1740558046451,844,23,0,0,1,316407
1740558046451,149,44,0,2,1,313825
1740558046451,511,34,0,2,1,309734
1740558046451,524,43,0,1,1,288145
1740558046451,141,74,0,2,1,284562
1740558046451,152,57,0,2,1,265002
1740558046451,843,28,0,0,1,120956
1740558047451,157,57,0,3,0,9492
1740558047451,533,46,0,1,0,7686
1740558047451,155,41,0,2,0,23955
1740558047451,165,62,0,1,0,31196
1740558047451,535,41,0,2,0,33843
1740558047451,858,28,0,0,0,37444
1740558047451,866,23,0,0,0,53178
1740558047451,863,28,0,0,0,74396
1740558047451,861,30,0,0,0,95559
1740558047451,857,27,0,0,0,100759
1740558047451,860,32,0,0,0,116714
1740558047451,534,45,0,1,0,144895
1740558047451,869,29,0,0,0,148316
1740558047451,164,70,0,1,0,237992
1740558047451,532,39,0,3,0,250221
1740558047451,163,42,0,2,0,256299
1740558047451,537,40,0,2,0,297760
1740558047451,864,23,0,0,0,348870
1740558047451,872,30,0,0,0,396490
1740558047451,156,57,0,2,1,513263
1740558047451,867,22,0,0,1,506519
1740558047451,526,25,0,2,1,473875
1740558047451,142,55,0,3,1,418480
1740558047451,871,26,0,0,1,416707
1740558047451,859,27,0,0,1,400816
1740558047451,870,29,0,0,1,374420
1740558047451,836,21,0,0,1,348139
1740558047451,846,23,0,0,1,342810
1740558047451,158,66,0,3,1,338210
1740558047451,536,36,0,2,1,304414
1740558047451,161,64,0,2,1,248456
1740558047451,865,28,0,0,1,242409
1740558047451,159,51,0,1,1,144261
1740558048451,880,27,0,0,0,10993
1740558048451,171,44,0,2,0,18820
1740558048451,544,29,0,2,0,22692
1740558048451,546,38,0,1,0,49607
1740558048451,539,29,0,2,0,91365
1740558048451,868,27,0,0,0,95489
1740558048451,541,31,0,2,0,107223
1740558048451,170,51,0,2,0,135680
1740558048451,538,28,0,2,0,133452
1740558048451,175,72,0,1,0,148114
1740558048451,167,54,0,2,0,157019
1740558048451,174,75,0,1,0,169817
1740558048451,168,57,0,3,0,189113
1740558048451,873,25,0,0,0,190513
1740558048451,166,70,0,1,0,375115
1740558048451,877,26,0,0,0,454502
1740558048451,172,55,0,2,1,476497
1740558048451,540,33,0,2,1,478745
1740558048451,173,55,0,2,1,471158
1740558048451,542,29,0,3,1,463100
1740558048451,169,70,0,2,1,432648
1740558048451,549,32,0,2,1,431300
1740558048451,162,57,0,2,1,418503
1740558048451,862,20,0,0,1,400948
1740558048451,875,25,0,0,1,363913
1740558048451,548,45,0,1,1,346106
1740558048451,876,20,0,0,1,342879
1740558048451,879,26,0,0,1,289973
1740558048451,874,20,0,0,1,284779
1740558048451,176,75,0,2,1,147108
1740558049451,160,38,0,2,0,23883
1740558049451,547,35,0,1,0,49339
1740558049451,550,37,0,1,0,65303
1740558049451,545,29,0,2,0,91353
1740558049451,552,32,0,2,0,102021
1740558049451,543,27,0,2,0,107030
1740558049451,187,68,0,3,0,116066
1740558049451,557,32,0,2,0,128362
1740558049451,890,29,0,0,0,158870
1740558049451,184,67,0,2,0,195399
1740558049451,191,61,0,3,0,205176
1740558049451,884,25,0,0,0,211612
1740558049451,888,25,0,0,0,227438
1740558049451,180,52,0,3,0,230631
1740558049451,559,26,0,2,0,233682
1740558049451,189,61,0,1,0,242092
1740558049451,554,28,0,2,0,244377
1740558049451,183,59,0,2,0,273870
1740558049451,881,34,0,0,0,275142
1740558049451,887,28,0,0,0,327825
1740558049451,179,64,0,2,0,364089
1740558049451,885,28,0,0,1,527529
1740558049451,886,26,0,0,1,501163
1740558049451,188,64,0,2,1,492396
1740558049451,178,70,0,3,1,480396
1740558049451,889,26,0,0,1,458940
1740558049451,185,64,0,2,1,422630
1740558049451,182,51,0,1,1,418982
1740558049451,878,28,0,0,1,374396
1740558049451,882,21,0,0,1,348137
1740558049451,883,20,0,0,1,332311
1740558049451,555,39,0,1,1,293694
1740558049451,181,55,0,3,1,286365
1740558049451,553,30,0,2,1,283546
1740558049451,177,51,0,2,1,270846
1740558049451,551,31,0,2,1,225452
1740558049451,556,29,0,2,1,183280
1740558049451,190,51,0,1,1,138877
1740558049451,560,44,0,2,1,129712
1740558050451,563,37,0,1,0,1941
1740558050451,569,27,0,2,0,22537
1740558050451,903,27,0,0,0,26837
1740558050451,894,28,0,0,0,32149
1740558050451,899,33,0,0,0,37516
1740558050451,891,23,0,0,0,47913
1740558050451,196,64,0,2,0,63046
1740558050451,558,38,0,2,0,65334
1740558050451,192,70,0,1,0,90016
1740558050451,562,29,0,1,0,101866
1740558050451,186,51,0,2,0,135585
1740558050451,895,25,0,0,0,137688
1740558050451,896,29,0,0,0,153609
1740558050451,570,28,0,2,0,165140
1740558050451,904,29,0,0,0,169436
1740558050451,195,74,0,2,0,173658
1740558050451,194,58,0,3,0,188973
1740558050451,193,58,0,2,0,230885
1740558050451,901,25,0,0,0,296087
1740558050451,198,64,0,2,0,316603
1740558050451,893,30,0,0,0,317313
1740558050451,566,20,0,2,0,386472
1740558050451,568,20,0,2,1,490008
1740558050451,197,70,0,2,1,485591
1740558050451,571,31,0,1,1,484132
1740558050451,892,25,0,0,1,474785
1740558050451,567,28,0,2,1,452661
1740558050451,905,22,0,0,1,448436
1740558050451,898,30,0,0,1,432455
1740558050451,902,20,0,0,1,422077
1740558050451,201,64,0,3,1,412190
1740558050451,200,62,0,2,1,364936
1740558050451,565,33,0,1,1,352052
1740558050451,199,71,0,2,1,343343
1740558050451,897,23,0,0,1,311143
1740558050451,900,20,0,0,1,284792
1740558050451,561,29,0,2,1,141066
1740558051451,912,26,0,0,0,11001
1740558051451,3,0,0,1,0,45545
1740558051451,202,51,0,3,0,29998
1740558051451,906,24,0,0,0,32071
1740558051451,576,41,0,3,0,33833
1740558051451,564,29,0,2,0,49042
1740558051451,575,33,0,2,0,75616
1740558051451,573,41,0,2,0,97174
1740558051451,572,20,0,3,0,101346
1740558051451,908,20,0,0,0,137598
1740558051451,910,30,0,0,0,201157
1740558051451,205,67,0,2,0,211084
1740558051451,209,57,0,1,0,226036
1740558051451,580,46,0,1,0,224127
1740558051451,210,55,0,2,0,273239
1740558051451,917,23,0,0,0,290768
1740558051451,207,75,0,1,0,306867
1740558051451,907,28,0,0,0,333116
1740558051451,577,29,0,2,0,360532
1740558051451,915,25,0,0,0,507281
1740558051451,578,45,0,1,1,499230
1740558051451,914,20,0,0,1,469592
1740558051451,204,67,0,2,1,448807
1740558051451,579,31,0,1,1,441889
1740558051451,211,59,0,2,1,407402
1740558051451,208,51,0,2,1,392317
1740558051451,916,26,0,0,1,379745
1740558051451,206,51,0,2,1,376559
1740558051451,574,37,0,1,1,362411
1740558051451,909,29,0,0,1,337424
1740558051451,203,64,0,1,1,290793
1740558051451,913,25,0,0,1,194948
1740558052451,918,34,0,0,0,5873
1740558052451,927,23,0,0,0,10938
1740558052451,586,27,0,2,0,22586
1740558052451,911,26,0,0,0,26845
1740558052451,590,45,0,1,0,28736
1740558052451,221,55,0,1,0,40947
1740558052451,928,26,0,0,0,53227
1740558052451,591,43,0,1,0,81424
1740558052451,220,63,0,3,0,115631
1740558052451,922,26,0,0,0,132439
1740558052451,583,38,0,1,0,139242
1740558052451,581,36,0,2,0,191943
1740558052451,213,57,0,2,0,194455
1740558052451,589,43,0,1,0,197625
1740558052451,215,57,0,2,0,220736
1740558052451,214,62,0,1,0,247488
1740558052451,930,32,0,0,0,301483
1740558052451,222,64,0,2,0,316515
1740558052451,219,51,0,1,0,320467
1740558052451,223,60,0,4,0,390595
1740558052451,216,51,0,2,1,508513
1740558052451,585,35,0,1,1,510204
1740558052451,924,29,0,0,1,501106
1740558052451,595,33,0,1,1,494599
1740558052451,925,25,0,0,1,458943
1740558052451,224,59,0,2,1,439017
1740558052451,921,21,0,0,1,422055
1740558052451,919,26,0,0,1,416684
1740558052451,596,31,0,1,1,410164
1740558052451,582,28,0,2,1,405097
1740558052451,923,25,0,0,1,395582
1740558052451,584,20,0,3,1,394947
1740558052451,218,51,0,3,1,355364
1740558052451,587,23,0,2,1,336666
1740558052451,588,30,0,2,1,331102
1740558052451,593,38,0,1,1,309522
1740558052451,929,26,0,0,1,258298
1740558052451,926,23,0,0,1,253060
1740558052451,597,43,0,1,1,230013
1740558052451,920,25,0,0,1,221342
1740558052451,592,46,0,1,1,214011
1740558052451,594,27,0,2,1,141171
1740558053451,931,23,0,0,0,21515
1740558053451,227,67,0,2,0,47618
1740558053451,226,51,0,1,0,56506
1740558053451,232,62,0,1,0,62793
1740558053451,599,34,0,1,0,65257
1740558053451,942,26,0,0,0,69056
1740558053451,236,62,0,2,0,99836
1740558053451,600,21,0,3,0,101387
1740558053451,598,42,0,1,0,144720
1740558053451,234,57,0,3,0,152021
1740558053451,938,30,0,0,0,158891
1740558053451,940,25,0,0,0,169358
1740558053451,934,30,0,0,0,195878
1740558053451,936,25,0,0,0,227456
1740558053451,235,71,0,2,0,247908
1740558053451,937,20,0,0,0,269608
1740558053451,217,57,0,2,0,273195
1740558053451,212,70,0,1,0,306423
1740558053451,228,75,0,2,0,354602
1740558053451,230,57,0,2,0,368611
1740558053451,935,27,0,0,1,495862
1740558053451,939,32,0,0,1,490518
1740558053451,933,20,0,0,1,448463
1740558053451,225,44,0,2,1,429932
1740558053451,602,45,0,1,1,398975
1740558053451,233,58,0,2,1,355275
1740558053451,941,21,0,0,1,332306
1740558053451,231,75,0,2,1,321377
1740558053451,237,42,0,2,1,313931
1740558053451,932,26,0,0,1,300523
1740558053451,229,63,0,2,1,285902
1740558053451,601,40,0,2,1,283077
1740558054451,254,59,0,1,0,15098
1740558054451,238,48,0,2,0,19186
1740558054451,603,36,0,3,0,17715
1740558054451,948,22,0,0,0,26758
1740558054451,249,59,0,2,0,36149
1740558054451,944,29,0,0,0,37454
1740558054451,943,25,0,0,0,47943
1740558054451,605,29,0,2,0,49004
1740558054451,240,54,0,1,0,56440
1740558054451,952,20,0,0,0,100647
1740558054451,955,23,0,0,0,111252
1740558054451,956,34,0,0,0,127281
1740558054451,950,20,0,0,0,179851
1740558054451,241,70,0,1,0,201103
1740558054451,243,64,0,1,0,242345
1740558054451,250,43,0,2,0,245793
1740558054451,607,42,0,3,0,250347
1740558054451,958,25,0,0,0,280239
1740558054451,612,44,0,3,0,292721
1740558054451,957,27,0,0,0,301397
1740558054451,248,51,0,2,0,389069
1740558054451,253,65,0,1,1,522520
1740558054451,954,28,0,0,1,511696
1740558054451,257,67,0,1,1,485815
1740558054451,247,74,0,2,1,453323
1740558054451,610,46,0,1,1,419947
1740558054451,244,66,0,2,1,396316
1740558054451,246,52,0,2,1,392282
1740558054451,606,20,0,3,1,394958
1740558054451,608,20,0,3,1,379123
1740558054451,951,27,0,0,1,363864
1740558054451,609,25,0,2,1,336592
1740558054451,252,70,0,1,1,316651
1740558054451,946,28,0,0,1,305762
1740558054451,945,23,0,0,1,284728
1740558054451,953,21,0,0,1,253095
1740558054451,258,66,0,1,1,248218
1740558054451,239,55,0,2,1,233535
1740558054451,947,27,0,0,1,216022
1740558054451,604,32,0,2,1,103963
1740558055451,616,38,0,3,0,33647
1740558055451,959,25,0,0,0,37373
1740558055451,967,23,0,0,0,58457
1740558055451,614,28,0,2,0,75371
1740558055451,242,65,0,2,0,99917
1740558055451,259,54,0,1,0,104046
1740558055451,617,37,0,2,0,107533
1740558055451,265,51,0,2,0,146262
1740558055451,619,37,0,1,0,144506
1740558055451,260,57,0,2,0,152084
1740558055451,966,28,0,0,0,153582
1740558055451,263,44,0,2,0,166657
1740558055451,949,23,0,0,0,169347
1740558055451,262,57,0,2,0,326299
1740558055451,970,26,0,0,0,338336
1740558055451,621,43,0,3,0,377092
1740558055451,960,25,0,0,0,391144
1740558055451,615,28,0,2,0,408004
1740558055451,965,26,0,0,0,454514
1740558055451,264,55,0,2,1,524074
1740558055451,618,20,0,3,1,516404
1740558055451,261,57,0,1,1,492521
1740558055451,620,29,0,1,1,473621
1740558055451,269,59,0,1,1,444309
1740558055451,251,51,0,2,1,397655
1740558055451,613,31,0,2,1,399686
1740558055451,611,22,0,2,1,394953
1740558055451,968,28,0,0,1,363866
1740558055451,245,55,0,2,1,355416
1740558055451,266,64,0,2,1,332915
1740558055451,268,67,0,2,1,327354
1740558055451,963,26,0,0,1,311093
1740558055451,964,28,0,0,1,300497
1740558055451,961,32,0,0,1,237056
1740558055451,962,32,0,0,1,163136
1740558056451,633,36,0,1,0,7168
1740558056451,274,61,0,2,0,9844
1740558056451,971,25,0,0,0,10989
1740558056451,256,59,0,3,0,15108
1740558056451,975,25,0,0,0,16252
1740558056451,278,44,0,1,0,34637
1740558056451,273,44,0,2,0,45247
1740558056451,255,67,0,1,0,99936
1740558056451,978,30,0,0,0,106104
1740558056451,277,63,0,2,0,136523
1740558056451,290,59,0,3,0,152070
1740558056451,624,42,0,3,0,150018
1740558056451,626,43,0,3,0,171212
1740558056451,286,72,0,2,0,205925
1740558056451,267,57,0,3,0,246384
1740558056451,287,67,0,2,0,279811
1740558056451,634,38,0,3,1,526011
1740558056451,284,67,0,2,1,517539
1740558056451,974,26,0,0,1,490607
1740558056451,625,37,0,2,1,483824
1740558056451,281,59,0,2,1,470750
1740558056451,977,20,0,0,1,469593
1740558056451,979,30,0,0,1,464144
1740558056451,623,27,0,2,1,463227
1740558056451,283,62,0,2,1,459842
1740558056451,976,27,0,0,1,458911
1740558056451,289,51,0,1,1,455781
1740558056451,972,29,0,0,1,432466
1740558056451,285,56,0,3,1,418325
1740558056451,627,46,0,1,1,367118
1740558056451,981,25,0,0,1,337519
1740558056451,632,29,0,2,1,331172
1740558056451,288,64,0,1,1,301243
1740558056451,630,46,0,1,1,298608
1740558056451,271,51,0,2,1,270887
1740558056451,276,67,0,1,1,205844
1740558056451,631,34,0,2,1,151369
1740558056451,629,31,0,3,1,146259
1740558056451,622,30,0,2,1,104045
1740558056451,973,34,0,0,1,73346
1740558057451,293,61,0,2,0,15126
1740558057451,638,38,0,1,0,17887
1740558057451,989,25,0,0,0,32090
1740558057451,997,28,0,0,0,37406
1740558057451,994,22,0,0,0,58443
1740558057451,988,25,0,0,0,63771
1740558057451,635,33,0,1,0,70374
1740558057451,984,22,0,0,0,100693
1740558057451,640,33,0,1,0,107317
1740558057451,982,27,0,0,0,116622
1740558057451,639,28,0,2,0,122861
1740558057451,993,32,0,0,0,127242
1740558057451,642,27,0,2,0,133372
1740558057451,272,58,0,1,0,146374
1740558057451,969,23,0,0,0,153493
1740558057451,270,55,0,1,0,167070
1740558057451,986,19,0,0,0,179850
1740558057451,302,59,0,2,0,220908
1740558057451,983,23,0,0,0,222156
1740558057451,301,57,0,2,0,226011
1740558057451,280,48,0,2,0,245939
1740558057451,995,29,0,0,0,296162
1740558057451,636,56,0,1,0,383054
1740558057451,282,44,0,2,1,525023
1740558057451,998,26,0,0,1,511750
1740558057451,297,51,0,2,1,492870
1740558057451,294,44,0,2,1,482776
1740558057451,275,42,0,2,1,445920
1740558057451,985,26,0,0,1,443084
1740558057451,643,37,0,1,1,441604
1740558057451,987,26,0,0,1,416680
1740558057451,299,57,0,2,1,407594
1740558057451,641,32,0,2,1,399632
1740558057451,291,67,0,3,1,385489
1740558057451,300,59,0,1,1,380946
1740558057451,628,43,0,3,1,367327
1740558057451,292,51,0,2,1,360619
1740558057451,644,37,0,1,1,362356
1740558057451,990,28,0,0,1,353289
1740558057451,637,51,0,3,1,245537
1740558057451,298,67,0,2,1,237549
1740558057451,279,67,0,2,1,206029
1740558057451,996,27,0,0,1,110440
1740558058451,310,60,0,1,0,41437
1740558058451,651,31,0,2,0,49154
1740558058451,650,35,0,3,0,149677
1740558058451,296,49,0,3,0,166797
1740558058451,999,24,0,0,0,169363
1740558058451,307,64,0,3,0,290222
1740558058451,648,52,0,2,0,340629
1740558058451,652,52,0,1,0,356466
1740558058451,1004,34,0,0,0,386008
1740558058451,1007,24,0,0,0,454475
1740558058451,303,64,0,2,0,458966
1740558058451,649,28,0,2,1,526568
1740558058451,305,54,0,2,1,508166
1740558058451,1005,27,0,0,1,480041
1740558058451,1006,19,0,0,1,469621
1740558058451,980,26,0,0,1,464198
1740558058451,314,52,0,2,1,455807
1740558058451,991,27,0,0,1,416675
1740558058451,1001,26,0,0,1,406120
1740558058451,316,57,0,2,1,397326
1740558058451,1000,26,0,0,1,384995
1740558058451,646,34,0,3,1,383526
1740558058451,295,54,0,2,1,360713
1740558058451,308,70,0,2,1,337551
1740558058451,1008,22,0,0,1,332288
1740558058451,1002,30,0,0,1,326848
1740558058451,311,67,0,2,1,327303
1740558058451,309,64,0,1,1,296064
1740558058451,1003,26,0,0,1,253014
1740558058451,647,26,0,2,1,193987
1740558058451,304,44,0,2,1,171235
1740558058451,312,67,0,2,1,163620
1740558059451,325,59,0,1,0,9655
1740558059451,665,20,0,3,0,43260
1740558059451,1015,30,0,0,0,69118
1740558059451,656,30,0,2,0,75438
1740558059451,329,60,0,3,0,152109
1740558059451,657,28,0,2,0,165111
1740558059451,320,64,0,1,0,200419
1740558059451,1012,23,0,0,0,211576
1740558059451,319,68,0,2,0,211512
1740558059451,327,44,0,2,0,219429
1740558059451,306,40,0,2,0,245597
1740558059451,660,41,0,3,0,250379
1740558059451,1009,20,0,0,0,285461
1740558059451,662,28,0,2,0,334125
1740558059451,315,51,0,2,0,457691
1740558059451,326,61,0,3,1,512705
1740558059451,659,33,0,2,1,505208
1740558059451,318,62,0,3,1,502090
1740558059451,321,55,0,2,1,497592
1740558059451,654,37,0,3,1,494356
1740558059451,661,26,0,2,1,489634
1740558059451,323,59,0,2,1,470884
1740558059451,992,20,0,0,1,464304
1740558059451,322,65,0,2,1,438459
1740558059451,1011,26,0,0,1,406130
1740558059451,1013,29,0,0,1,379685
1740558059451,324,65,0,1,1,369735
1740558059451,645,35,0,3,1,362439
1740558059451,655,38,0,3,1,351774
1740558059451,1014,20,0,0,1,316481
1740558059451,1010,29,0,0,1,305752
1740558059451,313,59,0,3,1,296610
1740558059451,1016,28,0,0,1,221308
1740558060451,653,28,0,2,0,49024
1740558060451,339,61,0,2,0,57011
1740558060451,1024,20,0,0,0,58408
1740558060451,1022,20,0,0,0,95370
1740558060451,338,59,0,3,0,131116
1740558060451,1023,27,0,0,0,158852
1740558060451,332,62,0,2,0,205417
1740558060451,1021,26,0,0,0,216914
1740558060451,1018,20,0,0,0,391054
1740558060451,1017,27,0,0,1,527542
1740558060451,658,27,0,2,1,526673
1740558060451,337,68,0,2,1,517206
1740558060451,335,55,0,1,1,497558
1740558060451,670,33,0,2,1,499883
1740558060451,336,43,0,2,1,477561
1740558060451,317,60,0,2,1,455168
1740558060451,328,55,0,1,1,439542
1740558060451,331,57,0,3,1,423382
1740558060451,1029,20,0,0,1,406238
1740558060451,1028,30,0,0,1,395502
1740558060451,1019,27,0,0,1,390262
1740558060451,666,22,0,2,1,378992
1740558060451,663,21,0,3,1,363259
1740558060451,340,59,0,2,1,349296
1740558060451,333,55,0,3,1,344481
1740558060451,669,28,0,2,1,347041
1740558060451,1030,30,0,0,1,342718
1740558060451,1026,29,0,0,1,321598
1740558060451,668,32,0,2,1,304567
1740558060451,1020,27,0,0,1,289942
1740558060451,334,67,0,2,1,258783
1740558060451,330,70,0,2,1,189769
1740558060451,1027,32,0,0,1,184272
1740558061451,1034,29,0,0,0,482
1740558061451,354,62,0,2,0,4611
1740558061451,345,64,0,2,0,15302
1740558061451,358,51,0,3,0,30024
1740558061451,1038,20,0,0,0,42562
1740558061451,352,56,0,2,0,45893
1740558061451,343,44,0,2,0,50510
1740558061451,671,40,0,2,0,65504
1740558061451,348,63,0,2,0,99911
1740558061451,675,21,0,2,0,127772
1740558061451,679,29,0,2,0,133512
1740558061451,677,45,0,3,0,171289
1740558061451,676,36,0,3,0,191952
1740558061451,346,56,0,2,0,219866
1740558061451,1033,26,0,0,0,264425
1740558061451,1037,30,0,0,0,275064
1740558061451,1032,34,0,0,0,349055
1740558061451,1035,20,0,0,0,354088
1740558061451,667,27,0,3,1,526738
1740558061451,341,57,0,2,1,513227
1740558061451,350,52,0,1,1,508240
1740558061451,680,44,0,3,1,483498
1740558061451,359,51,0,1,1,455864
1740558061451,672,46,0,2,1,446401
1740558061451,1040,28,0,0,1,443069
1740558061451,357,44,0,2,1,424734
1740558061451,673,34,0,3,1,404819
1740558061451,353,44,0,2,1,393072
1740558061451,674,24,0,2,1,394704
1740558061451,342,59,0,2,1,365113
1740558061451,664,21,0,2,1,363258
1740558061451,349,51,0,2,1,344890
1740558061451,347,54,0,2,1,328709
1740558061451,1039,26,0,0,1,284693
1740558061451,344,43,0,2,1,229383
1740558061451,351,55,0,3,1,223095
1740558061451,1031,26,0,0,1,216044
1740558061451,1036,32,0,0,1,189552
1740558061451,678,39,0,3,1,177526
1740558062451,368,50,0,2,0,24812
1740558062451,1043,29,0,0,0,26884
1740558062451,685,34,0,2,0,33436
1740558062451,363,59,0,2,0,41399
1740558062451,1041,28,0,0,0,47998
1740558062451,1042,25,0,0,0,53212
1740558062451,1025,21,0,0,0,58428
1740558062451,687,35,0,1,0,139088
1740558062451,365,64,0,2,0,163250
1740558062451,1045,23,0,0,0,195733
1740558062451,360,66,0,2,0,216209
1740558062451,684,41,0,1,0,229134
1740558062451,682,42,0,1,0,250446
1740558062451,1044,20,0,0,0,259053
1740558062451,681,50,0,3,0,287740
1740558062451,1047,25,0,0,0,301353
1740558062451,367,55,0,2,0,415839
1740558062451,355,72,0,3,1,496982
1740558062451,683,32,0,2,1,494647
1740558062451,364,51,0,2,1,477276
1740558062451,366,44,0,2,1,461689
1740558062451,688,50,0,3,1,435683
1740558062451,690,39,0,1,1,415124
1740558062451,361,44,0,2,1,340222
1740558062451,689,31,0,2,1,336252
1740558062451,692,28,0,2,1,193825
1740558062451,686,28,0,2,1,162232
1740558063451,1062,29,0,0,0,11033
1740558063451,371,57,0,1,0,41187
1740558063451,1046,20,0,0,0,47853
1740558063451,1053,31,0,0,0,63884
1740558063451,377,62,0,2,0,67971
1740558063451,373,43,0,2,0,76852
1740558063451,698,21,0,2,0,74963
1740558063451,370,43,0,3,0,92674
1740558063451,1065,23,0,0,0,95417
1740558063451,697,27,0,2,0,101782
1740558063451,700,41,0,3,0,113024
1740558063451,378,51,0,3,0,119734
1740558063451,695,29,0,3,0,122914
1740558063451,1052,29,0,0,0,137782
1740558063451,699,41,0,2,0,144652
1740558063451,374,57,0,1,0,194386
1740558063451,702,38,0,3,0,234258
1740558063451,1049,28,0,0,0,253921
1740558063451,1069,23,0,0,0,296048
1740558063451,696,44,0,3,0,303269
1740558063451,1057,30,0,0,0,312032
1740558063451,372,62,0,3,0,321554
1740558063451,375,59,0,2,0,395269
1740558063451,1050,34,0,0,1,506287
1740558063451,694,31,0,2,1,505308
1740558063451,356,62,0,2,1,497503
1740558063451,691,20,0,2,1,495279
1740558063451,1058,20,0,0,1,437911
1740558063451,1051,27,0,0,1,432503
1740558063451,362,62,0,2,1,423934
1740558063451,1054,30,0,0,1,411321
1740558063451,376,65,0,3,1,407048
1740558063451,1064,19,0,0,1,406254
1740558063451,1066,23,0,0,1,390349
1740558063451,369,73,0,2,1,380122
1740558063451,1068,32,0,0,1,369085
1740558063451,693,46,0,1,1,356649
1740558063451,701,34,0,2,1,235848
1740558063451,1059,29,0,0,1,221286
1740558063451,1056,28,0,0,1,99849
1740558064451,379,44,0,2,0,24092
1740558064451,1060,27,0,0,0,63811
1740558064451,712,20,0,2,0,69666
1740558064451,704,46,0,1,0,97426
1740558064451,708,36,0,2,0,112685
1740558064451,1074,23,0,0,0,116543
1740558064451,1055,25,0,0,0,137699
1740558064451,703,38,0,1,0,186767
1740558064451,381,59,0,2,0,205063
1740558064451,705,42,0,1,0,208108
1740558064451,380,47,0,2,0,219539
1740558064451,1075,29,0,0,0,222244
1740558064451,1076,27,0,0,0,227479
1740558064451,385,68,0,2,0,290270
1740558064451,707,31,0,1,0,334292
1740558064451,383,44,0,1,0,409528
1740558064451,711,29,0,2,1,505493
1740558064451,1078,23,0,0,1,464275
1740558064451,713,39,0,3,1,436251
1740558064451,709,32,0,3,1,341570
1740558064451,1070,23,0,0,1,300567
1740558064451,1072,32,0,0,1,295137
1740558064451,706,28,0,2,1,278339
1740558064451,1071,29,0,0,1,237104
1740558064451,710,31,0,2,1,125103
1740558065451,1088,26,0,0,0,418
1740558065451,386,51,0,1,0,14257
1740558065451,391,57,0,1,0,30282
1740558065451,394,46,0,1,0,35239
1740558065451,382,57,0,1,0,41075
1740558065451,716,23,0,2,0,43443
1740558065451,1048,20,0,0,0,47867
1740558065451,1082,28,0,0,0,79678
1740558065451,1081,25,0,0,0,90176
1740558065451,384,54,0,2,0,93177
1740558065451,387,55,0,3,0,99138
1740558065451,720,41,0,3,0,181639
1740558065451,390,72,0,1,0,190496
1740558065451,389,64,0,2,0,200313
1740558065451,1084,26,0,0,0,253866
1740558065451,1089,28,0,0,0,301411
1740558065451,393,75,0,2,0,312326
1740558065451,1086,30,0,0,0,333145
1740558065451,715,39,0,2,0,366351
1740558065451,717,28,0,2,1,515873
1740558065451,714,26,0,2,1,505672
1740558065451,392,51,0,2,1,482178
1740558065451,724,39,0,2,1,483749
1740558065451,1080,28,0,0,1,480002
1740558065451,1085,28,0,0,1,443054
1740558065451,1063,21,0,0,1,437889
1740558065451,1079,26,0,0,1,432512
1740558065451,718,56,0,3,1,430037
1740558065451,1067,19,0,0,1,406258
1740558065451,395,54,0,1,1,386834
1740558065451,725,32,0,2,1,389094
1740558065451,719,21,0,3,1,357989
1740558065451,721,36,0,1,1,351888
1740558065451,1087,26,0,0,1,342772
1740558065451,1077,24,0,0,1,237199
1740558065451,1083,34,0,0,1,73342
1740558066451,388,60,0,2,0,24845
1740558066451,732,41,0,1,0,23270
1740558066451,722,22,0,2,0,43398
1740558066451,1061,19,0,0,0,47833
1740558066451,399,54,0,3,0,56757
1740558066451,1100,21,0,0,0,58422
1740558066451,397,55,0,1,0,67399
1740558066451,736,22,0,3,0,69742
1740558066451,400,66,0,1,0,126410
1740558066451,1104,20,0,0,0,127036
1740558066451,403,61,0,2,0,131325
1740558066451,1101,27,0,0,0,132446
1740558066451,406,58,0,1,0,136779
1740558066451,1097,23,0,0,0,137665
1740558066451,733,38,0,1,0,170950
1740558066451,731,36,0,1,0,181433
1740558066451,737,34,0,2,0,191838
1740558066451,1099,34,0,0,0,232895
1740558066451,405,44,0,2,0,282753
1740558066451,1091,27,0,0,0,443984
1740558066451,727,38,0,2,1,520768
1740558066451,398,44,0,2,1,509208
1740558066451,1094,23,0,0,1,506489
1740558066451,1095,25,0,0,1,485342
1740558066451,396,49,0,1,1,461417
1740558066451,1093,30,0,0,1,448284
1740558066451,1098,27,0,0,1,443086
1740558066451,723,46,0,2,1,430619
1740558066451,734,40,0,1,1,425640
1740558066451,730,45,0,1,1,420034
1740558066451,401,65,0,2,1,406926
1740558066451,404,67,0,1,1,401127
1740558066451,1090,23,0,0,1,390335
1740558066451,1103,25,0,0,1,374482
1740558066451,726,27,0,2,1,368209
1740558066451,728,33,0,2,1,341465
1740558066451,1102,28,0,0,1,247702
1740558066451,729,27,0,2,1,209816
1740558066451,1096,29,0,0,1,147344
1740558067451,1120,26,0,0,0,32097
1740558067451,1116,27,0,0,0,53254
1740558067451,1107,19,0,0,0,58382
1740558067451,402,56,0,2,0,67208
1740558067451,744,31,0,2,0,102001
1740558067451,1115,26,0,0,0,106028
1740558067451,1114,23,0,0,0,111256
1740558067451,743,40,0,2,0,144637
1740558067451,410,61,0,1,0,152424
1740558067451,1117,28,0,0,0,185265
1740558067451,417,51,0,1,0,188466
1740558067451,416,61,0,1,0,199905
1740558067451,411,60,0,2,0,205246
1740558067451,747,41,0,1,0,208061
1740558067451,1118,25,0,0,0,253849
1740558067451,746,55,0,1,0,256277
1740558067451,409,69,0,2,0,280110
1740558067451,412,55,0,2,0,294461
1740558067451,738,27,0,2,1,505616
1740558067451,1113,30,0,0,1,495815
1740558067451,745,44,0,1,1,472840
1740558067451,1106,24,0,0,1,464226
1740558067451,742,48,0,2,1,446252
1740558067451,1111,27,0,0,1,411395
1740558067451,415,49,0,2,1,392721
1740558067451,740,34,0,2,1,388968
1740558067451,739,25,0,2,1,378764
1740558067451,1109,29,0,0,1,369122
1740558067451,419,69,0,2,1,369412
1740558067451,1108,26,0,0,1,342756
1740558067451,735,31,0,2,1,341600
1740558067451,418,74,0,2,1,321653
1740558067451,741,47,0,1,1,266868
1740558067451,408,59,0,2,1,264699
1740558067451,407,59,0,1,1,233179
1740558067451,414,75,0,2,1,199866
1740558068451,756,20,0,3,0,16877
1740558068451,755,22,0,2,0,43393
1740558068451,1073,20,0,0,0,47849
1740558068451,413,55,0,2,0,67222
1740558068451,1112,20,0,0,0,127041
1740558068451,748,26,0,2,0,138658
1740558068451,761,38,0,3,0,165670
1740558068451,1134,26,0,0,0,174659
1740558068451,760,31,0,3,0,191713
1740558068451,1133,20,0,0,0,200962
1740558068451,1123,20,0,0,0,206257
1740558068451,1126,20,0,0,0,237933
1740558068451,426,55,0,2,0,252184
1740558068451,431,63,0,3,0,263396
1740558068451,424,62,0,2,0,279296
1740558068451,758,44,0,1,0,282150
1740558068451,1130,28,0,0,0,364784
1740558068451,1127,27,0,0,0,385886
1740558068451,1135,32,0,0,0,449321
1740558068451,1131,29,0,0,1,522244
1740558068451,750,20,0,2,1,500551
1740558068451,1119,28,0,0,1,495859
1740558068451,425,56,0,2,1,492146
1740558068451,428,59,0,1,1,481812
1740558068451,749,33,0,2,1,483918
1740558068451,429,70,0,3,1,448407
1740558068451,1121,27,0,0,1,443053
1740558068451,1132,25,0,0,1,432562
1740558068451,1129,26,0,0,1,353336
1740558068451,421,55,0,2,1,339482
1740558068451,422,57,0,1,1,333602
1740558068451,1122,29,0,0,1,326864
1740558068451,423,51,0,2,1,318444
1740558068451,752,36,0,3,1,304373
1740558068451,753,50,0,1,1,282484
1740558068451,420,70,0,2,1,274280
1740558068451,1105,29,0,0,1,247671
1740558068451,1128,26,0,0,1,237170
1740558068451,1124,23,0,0,1,226651
1740558068451,751,20,0,3,1,194308
1740558068451,427,57,0,1,1,185787
1740558068451,759,46,0,3,1,150704
1740558068451,757,50,0,1,1,113522
1740558069451,1136,27,0,0,0,32129
1740558069451,1092,20,0,0,0,47835
1740558069451,1125,20,0,0,0,58405
1740558069451,436,61,0,3,0,99406
1740558069451,1138,25,0,0,0,111285
1740558069451,433,60,0,1,0,136760
1740558069451,754,26,0,2,0,138610
1740558069451,440,66,0,2,0,163586
1740558069451,435,74,0,3,0,200443
1740558069451,762,45,0,3,0,239972
1740558069451,437,68,0,2,0,294935
1740558069451,765,32,0,2,0,297288
1740558069451,768,38,0,2,0,313488
1740558069451,432,55,0,3,0,341952
1740558069451,1140,28,0,0,1,527542
1740558069451,766,29,0,2,1,515827
1740558069451,767,26,0,2,1,505733
1740558069451,1139,32,0,0,1,453552
1740558069451,439,49,0,2,1,392719
1740558069451,769,26,0,3,1,362890
1740558069451,764,34,0,2,1,352027
1740558069451,1141,26,0,0,1,321667
1740558069451,763,53,0,2,1,319297
1740558069451,1137,33,0,0,1,289828
1740558069451,1110,29,0,0,1,247677
1740558069451,434,55,0,3,1,244218
1740558069451,438,64,0,2,1,222308
1740558070451,447,64,0,3,0,10386
1740558070451,449,43,0,1,0,13467
1740558070451,453,47,0,3,0,24354
1740558070451,779,35,0,3,0,22928
1740558070451,442,62,0,2,0,46654
1740558070451,772,35,0,3,0,49407
1740558070451,770,47,0,3,0,65880
1740558070451,1151,26,0,0,0,69062
1740558070451,775,21,0,2,0,85536
1740558070451,1147,30,0,0,0,90268
1740558070451,443,60,0,3,0,93626
1740558070451,776,47,0,1,0,92225
1740558070451,1143,25,0,0,0,95479
1740558070451,1152,25,0,0,0,148233
1740558070451,771,37,0,3,0,170883
1740558070451,1146,25,0,0,0,174654
1740558070451,444,60,0,3,0,220357
1740558070451,448,66,0,2,0,258370
1740558070451,441,59,0,3,0,273863
1740558070451,1144,25,0,0,0,280260
1740558070451,457,55,0,1,0,405206
1740558070451,450,55,0,2,1,524023
1740558070451,1150,25,0,0,1,522302
1740558070451,451,59,0,2,1,512998
1740558070451,455,54,0,2,1,481939
1740558070451,774,33,0,2,1,483998
1740558070451,780,33,0,3,1,436542
1740558070451,1148,30,0,0,1,384935
1740558070451,773,30,0,2,1,383878
1740558070451,1153,27,0,0,1,363887
1740558070451,446,61,0,2,1,359698
1740558070451,445,59,0,1,1,349320
1740558070451,430,54,0,2,1,318349
1740558070451,777,37,0,2,1,299022
1740558070451,778,40,0,3,1,283061
1740558070451,1149,30,0,0,1,279336
1740558070451,452,54,0,2,1,260099
1740558070451,1145,32,0,0,1,258176
1740558070451,456,59,0,3,1,196234
1740558070451,1142,29,0,0,1,168458
1740558071451,464,63,0,1,0,4873
1740558071451,782,36,0,1,0,28304
1740558071451,459,59,0,1,0,36016
1740558071451,454,59,0,2,0,46506
1740558071451,791,22,0,2,0,43431
1740558071451,1156,32,0,0,0,53348
1740558071451,471,44,0,2,0,119133
1740558071451,466,62,0,3,0,157816
1740558071451,789,39,0,1,0,160428
1740558071451,463,70,0,1,0,179866
1740558071451,1155,27,0,0,0,190538
1740558071451,792,29,0,2,0,191577
1740558071451,460,66,0,3,0,200053
1740558071451,1160,21,0,0,0,200988
1740558071451,785,38,0,3,0,308214
1740558071451,461,70,0,2,0,348919
1740558071451,1158,28,0,0,1,511695
1740558071451,781,25,0,2,1,484453
1740558071451,790,29,0,2,1,478965
1740558071451,784,44,0,1,1,472864
1740558071451,1161,27,0,0,1,464212
1740558071451,470,57,0,3,1,412799
1740558071451,1159,20,0,0,1,411515
1740558071451,462,73,0,2,1,406505
1740558071451,1157,25,0,0,1,374471
1740558071451,788,29,0,2,1,368052
1740558071451,1154,20,0,0,1,295344
1740558071451,787,32,0,2,1,288746
1740558071451,783,20,0,3,1,284091
1740558071451,465,57,0,3,1,275500
1740558071451,469,70,0,2,1,247866
1740558071451,786,36,0,2,1,246303
1740558071451,458,59,0,1,1,180324
1740558072451,468,57,0,3,0,4333
1740558072451,1163,34,0,0,0,5858
1740558072451,800,34,0,1,0,22863
1740558072451,1172,32,0,0,0,37475
1740558072451,794,30,0,2,0,49068
1740558072451,801,39,0,3,0,91763
1740558072451,1166,23,0,0,0,105976
1740558072451,796,20,0,2,0,106645
1740558072451,481,57,0,2,0,109950
1740558072451,798,43,0,2,0,118421
1740558072451,1164,25,0,0,0,169369
1740558072451,803,46,0,3,0,203043
1740558072451,1173,26,0,0,0,216896
1740558072451,477,51,0,2,0,219931
1740558072451,1171,30,0,0,0,248658
1740558072451,474,64,0,2,0,269089
1740558072451,793,28,0,2,0,413306
1740558072451,482,68,0,2,1,523424
1740558072451,467,61,0,1,1,513101
1740558072451,1167,26,0,0,1,501173
1740558072451,1170,29,0,0,1,480004
1740558072451,473,59,0,3,1,465471
1740558072451,478,51,0,2,1,461205
1740558072451,797,45,0,1,1,446417
1740558072451,1168,29,0,0,1,427198
1740558072451,802,35,0,1,1,425872
1740558072451,475,44,0,1,1,403598
1740558072451,799,39,0,3,1,404521
1740558072451,1162,26,0,0,1,390275
1740558072451,480,61,0,2,1,364971
1740558072451,1169,25,0,0,1,342799
1740558072451,484,57,0,1,1,244082
1740558072451,476,73,0,2,1,236882
1740558072451,483,55,0,1,1,196664
1740558073451,805,22,0,3,0,17017
1740558073451,494,51,0,2,0,24567
1740558073451,107,70,0,2,0,61049
1740558073451,806,40,0,1,0,81267
1740558073451,109,43,0,2,0,105193
1740558073451,106,62,0,3,0,144804
1740558073451,495,59,0,2,0,157604
1740558073451,1165,25,0,0,0,169355
1740558073451,1181,28,0,0,0,190540
1740558073451,487,63,0,2,0,205478
1740558073451,1183,24,0,0,0,206307
1740558073451,493,73,0,2,0,211884
1740558073451,485,47,0,3,0,246443
1740558073451,811,44,0,1,0,255712
1740558073451,1175,28,0,0,0,259203
1740558073451,108,70,0,1,0,362501
1740558073451,472,51,0,1,1,513801
1740558073451,490,51,0,2,1,492662
1740558073451,105,63,0,2,1,493601
1740558073451,110,57,0,2,1,489601
1740558073451,812,28,0,3,1,484288
1740558073451,810,27,0,2,1,479052
1740558073451,1174,28,0,0,1,469436
1740558073451,479,46,0,2,1,461458
1740558073451,813,33,0,1,1,462957
1740558073451,1182,29,0,0,1,458884
1740558073451,102,67,0,2,1,445999
1740558073451,808,20,0,2,1,437202
1740558073451,104,70,0,2,1,419007
1740558073451,103,44,0,1,1,385790
1740558073451,1178,28,0,0,1,384969
1740558073451,491,44,0,1,1,382457
1740558073451,101,54,0,2,1,362621
1740558073451,1176,32,0,0,1,337375
1740558073451,486,70,0,2,1,306177
1740558073451,807,33,0,2,1,267584
1740558073451,1180,28,0,0,1,252975
1740558073451,488,59,0,3,1,233097
1740558073451,489,51,0,2,1,218092
1740558073451,1184,30,0,0,1,163191
1740558073451,804,42,0,3,1,103428
1740558074451,113,62,0,3,0,12610
1740558074451,819,38,0,2,0,12560
1740558074451,112,73,0,2,0,20011
1740558074451,1189,23,0,0,0,26790
1740558074451,795,28,0,2,0,49010
1740558074451,824,38,0,1,0,60036
1740558074451,816,30,0,2,0,75490
1740558074451,1191,28,0,0,0,84951
1740558074451,814,27,0,3,0,133390
1740558074451,1193,28,0,0,0,164151
1740558074451,497,56,0,2,0,167722
1740558074451,114,51,0,2,0,174315
1740558074451,829,36,0,2,0,176128
1740558074451,1188,23,0,0,0,179910
1740558074451,498,67,0,2,0,184655
1740558074451,115,51,0,2,0,232915
1740558074451,820,47,0,3,0,245305
1740558074451,828,28,0,2,0,254890
1740558074451,506,67,0,1,0,263933
1740558074451,1196,23,0,0,0,264377
1740558074451,502,71,0,2,0,274505
1740558074451,1185,25,0,0,0,274983
1740558074451,501,64,0,3,0,316544
1740558074451,121,70,0,1,0,341251
1740558074451,1187,27,0,0,0,380618
1740558074451,1195,27,0,0,0,391165
1740558074451,119,63,0,2,1,520386
1740558074451,492,53,0,2,1,513827
1740558074451,117,55,0,1,1,505696
1740558074451,1194,31,0,0,1,485243
1740558074451,825,41,0,1,1,473082
1740558074451,503,59,0,2,1,470777
1740558074451,122,61,0,1,1,457152
1740558074451,1197,27,0,0,1,453635
1740558074451,499,67,0,2,1,448784
1740558074451,500,51,0,2,1,439928
1740558074451,1198,25,0,0,1,437839
1740558074451,507,54,0,2,1,429018
1740558074451,1199,22,0,0,1,411482
1740558074451,818,34,0,2,1,410099
1740558074451,118,62,0,3,1,404101
1740558074451,1179,26,0,0,1,385017
1740558074451,496,72,0,1,1,369119
1740558074451,815,26,0,2,1,357688
1740558074451,1186,25,0,0,1,348057
1740558074451,822,21,0,2,1,347440
1740558074451,821,54,0,3,1,335097
1740558074451,1192,23,0,0,1,326978
1740558074451,826,31,0,2,1,325773
1740558074451,504,62,0,1,1,306961
1740558074451,817,27,0,2,1,288971
1740558074451,1190,28,0,0,1,284649
1740558074451,823,21,0,2,1,283993
1740558074451,111,62,0,1,1,214186
1740558074451,120,55,0,3,1,141435
1740558074451,116,70,0,2,1,91778
1740558075451,809,22,0,2,0,16992
1740558075451,1200,20,0,0,0,37295
1740558075451,840,23,0,2,0,43548
1740558075451,831,31,0,2,0,54428
1740558075451,131,54,0,2,0,66062
1740558075451,509,49,0,2,0,77572
1740558075451,1202,26,0,0,0,106032
1740558075451,133,55,0,3,0,105721
1740558075451,513,59,0,2,0,115420
1740558075451,136,59,0,3,0,123238
1740558075451,132,55,0,1,0,133178
1740558075451,838,21,0,2,0,143604
1740558075451,1203,29,0,0,0,164156
1740558075451,1177,26,0,0,0,169386
1740558075451,126,71,0,1,0,199340
1740558075451,130,70,0,3,0,203918
1740558075451,1205,30,0,0,0,222251
1740558075451,516,59,0,3,0,231323
1740558075451,140,59,0,2,0,255230
1740558075451,123,44,0,3,0,258370
1740558075451,832,53,0,1,0,272088
1740558075451,512,57,0,2,0,283717
1740558075451,520,57,0,2,0,347514
1740558075451,128,75,0,1,0,415919
1740558075451,127,67,0,2,1,477573
1740558075451,505,51,0,2,1,471653
1740558075451,841,33,0,2,1,473494
1740558075451,510,44,0,2,1,456408
1740558075451,842,33,0,2,1,457669
1740558075451,518,72,0,2,1,448780
1740558075451,830,40,0,1,1,446739
1740558075451,839,20,0,3,1,426650
1740558075451,138,62,0,2,1,415000
1740558075451,833,39,0,1,1,388627
1740558075451,519,70,0,1,1,364526
1740558075451,139,57,0,1,1,357505
1740558075451,124,58,0,2,1,341168
1740558075451,837,26,0,2,1,341851
1740558075451,129,68,0,3,1,319011
1740558075451,508,61,0,2,1,312220
1740558075451,125,59,0,3,1,293784
1740558075451,134,70,0,1,1,276522
1740558075451,514,44,0,2,1,261018
1740558075451,517,54,0,3,1,223149
1740558075451,137,57,0,1,1,172787
1740558075451,135,67,0,2,1,160784
1740558076451,148,44,0,1,0,26023
1740558076451,4,0,0,1,0,45545
1740558076451,522,44,0,2,0,45218
1740558076451,1220,23,0,0,0,47895
1740558076451,1208,27,0,0,0,58542
1740558076451,1210,28,0,0,0,69112
1740558076451,849,28,0,2,0,70126
1740558076451,528,64,0,1,0,84122
1740558076451,1217,27,0,0,0,95486
1740558076451,848,33,0,3,0,102068
1740558076451,1207,20,0,0,0,127058
1740558076451,1221,20,0,0,0,137595
1740558076451,150,55,0,2,0,138454
1740558076451,146,55,0,1,0,159475
1740558076451,1209,28,0,0,0,190551
1740558076451,850,31,0,2,0,191694
1740558076451,523,61,0,3,0,199925
1740558076451,853,35,0,2,0,212988
1740558076451,521,51,0,1,0,236045
1740558076451,147,64,0,1,0,233808
1740558076451,530,55,0,2,0,246756
1740558076451,1218,28,0,0,0,259182
1740558076451,855,39,0,1,0,266028
1740558076451,854,40,0,3,0,281920
1740558076451,153,59,0,2,0,286879
1740558076451,845,40,0,3,0,318946
1740558076451,851,36,0,2,0,334479
1740558076451,1211,28,0,0,0,370071
1740558076451,515,56,0,3,1,513665
1740558076451,154,62,0,1,1,510089
1740558076451,531,55,0,3,1,502939
1740558076451,856,24,0,2,1,500291
1740558076451,1206,32,0,0,1,495763
1740558076451,144,44,0,2,1,491402
1740558076451,1219,25,0,0,1,474804
1740558076451,1204,27,0,0,1,453608
1740558076451,834,21,0,3,1,447748
1740558076451,527,74,0,3,1,438722
1740558076451,1201,25,0,0,1,437823
1740558076451,1222,32,0,0,1,400765
1740558076451,151,59,0,1,1,399389
1740558076451,143,62,0,3,1,392468
1740558076451,1216,26,0,0,1,390292
1740558076451,835,27,0,2,1,389325
1740558076451,1212,23,0,0,1,385059
1740558076451,847,42,0,2,1,372740
1740558076451,852,32,0,2,1,367905
1740558076451,145,54,0,3,1,368418
1740558076451,827,21,0,2,1,347405
1740558076451,529,63,0,1,1,338733
1740558076451,525,44,0,1,1,334943
1740558076451,844,27,0,2,1,315385
1740558076451,149,44,0,3,1,311868
1740558076451,1215,23,0,0,1,311142
1740558076451,511,59,0,2,1,307131
1740558076451,524,67,0,3,1,285198
1740558076451,141,65,0,2,1,281727
1740558076451,152,57,0,2,1,262486
1740558076451,843,39,0,1,1,119396
1740558077451,533,65,0,2,0,10562
1740558077451,157,57,0,2,0,11986
1740558077451,155,63,0,3,0,26708
1740558077451,165,62,0,1,0,33914
1740558077451,535,65,0,3,0,36709
1740558077451,858,38,0,2,0,38980
1740558077451,866,27,0,2,0,54190
1740558077451,863,30,0,2,0,75543
1740558077451,861,45,0,3,0,97388
1740558077451,857,35,0,2,0,102119
1740558077451,860,50,0,1,0,118749
1740558077451,534,66,0,1,0,147811
1740558077451,869,40,0,1,0,149898
1740558077451,164,70,0,1,0,241076
1740558077451,532,61,0,1,0,252909
1740558077451,163,44,0,2,0,258256
1740558077451,1223,25,0,0,0,274986
1740558077451,537,62,0,2,0,300482
1740558077451,864,27,0,2,0,349905
1740558077451,872,43,0,1,0,398233
1740558077451,156,57,0,2,1,510747
1740558077451,867,27,0,2,1,505527
1740558077451,1214,25,0,0,1,495902
1740558077451,526,52,0,2,1,471581
1740558077451,1213,23,0,0,1,437862
1740558077451,1225,26,0,0,1,427246
1740558077451,871,34,0,2,1,415375
1740558077451,142,54,0,3,1,416114
1740558077451,1228,29,0,0,1,406099
1740558077451,859,37,0,2,1,399357
1740558077451,870,41,0,1,1,372802
1740558077451,836,21,0,2,1,347413
1740558077451,846,27,0,2,1,341811
1740558077451,158,63,0,1,1,335449
1740558077451,536,57,0,3,1,301898
1740558077451,1227,27,0,0,1,295252
1740558077451,161,64,0,2,1,245635
1740558077451,865,41,0,2,1,240773
1740558077451,1226,30,0,0,1,200136
1740558077451,159,51,0,2,1,142013
1740558078451,880,35,0,2,0,12384
1740558078451,171,44,0,1,0,20777
1740558078451,544,61,0,3,0,25341
1740558078451,1237,25,0,0,0,26799
1740558078451,546,68,0,2,0,52561
1740558078451,1238,25,0,0,0,58482
1740558078451,1233,32,0,0,0,79730
1740558078451,539,60,0,1,0,93981
1740558078451,1230,27,0,0,0,95492
1740558078451,868,34,0,1,0,96803
1740558078451,541,55,0,3,0,109623
1740558078451,1231,20,0,0,0,132323
1740558078451,538,51,0,2,0,135700
1740558078451,170,54,0,2,0,138069
1740558078451,175,75,0,1,0,151413
1740558078451,167,54,0,3,0,159414
1740558078451,174,75,0,2,0,173122
1740558078451,873,33,0,2,0,191779
1740558078451,168,56,0,1,0,191560
1740558078451,1229,23,0,0,0,201025
1740558078451,1236,23,0,0,0,227405
1740558078451,1224,21,0,0,0,274910
1740558078451,1234,23,0,0,0,333011
1740558078451,166,70,0,3,0,378199
1740558078451,877,33,0,2,0,455804
1740558078451,540,58,0,1,1,476190
1740558078451,172,55,0,2,1,474097
1740558078451,1232,25,0,0,1,469513
1740558078451,173,55,0,2,1,468758
1740558078451,542,70,0,2,1,460017
1740558078451,549,55,0,1,1,428860
1740558078451,169,70,0,2,1,429575
1740558078451,162,68,0,1,1,415548
1740558078451,862,20,0,2,1,400235
1740558078451,875,30,0,2,1,362778
1740558078451,548,69,0,3,1,343088
1740558078451,876,20,0,3,1,342170
1740558078451,879,28,0,2,1,288919
1740558078451,874,21,0,2,1,284054
1740558078451,176,75,0,3,1,143803
1740558079451,1240,26,0,0,0,11000
1740558079451,160,57,0,3,0,26396
1740558079451,1242,26,0,0,0,42673
1740558079451,547,58,0,2,0,51856
1740558079451,550,56,0,2,0,67779
1740558079451,1248,27,0,0,0,79630
1740558079451,545,59,0,1,0,93940
1740558079451,552,57,0,2,0,104533
1740558079451,543,53,0,3,0,109328
1740558079451,187,65,0,2,0,118942
1740558079451,557,55,0,2,0,130762
1740558079451,890,43,0,3,0,160592
1740558079451,184,67,0,2,0,198346
1740558079451,191,62,0,1,0,207894
1740558079451,884,35,0,2,0,212957
1740558079451,888,30,0,2,0,228585
1740558079451,180,59,0,3,0,233239
1740558079451,559,49,0,1,0,235839
1740558079451,554,55,0,2,0,246785
1740558079451,189,62,0,2,0,244813
1740558079451,881,49,0,2,0,277168
1740558079451,183,59,0,3,0,276484
1740558079451,1239,34,0,0,0,306829
1740558079451,887,39,0,1,0,329394
1740558079451,179,64,0,2,0,366911
1740558079451,885,41,0,1,1,525881
1740558079451,886,25,0,2,1,500220
1740558079451,188,72,0,3,1,489236
1740558079451,178,70,0,1,1,477312
1740558079451,889,33,0,2,1,457657
1740558079451,1244,25,0,0,1,448393
1740558079451,185,64,0,2,1,419808
1740558079451,182,51,0,3,1,416734
1740558079451,1235,25,0,0,1,406137
1740558079451,878,37,0,2,1,372907
1740558079451,1245,25,0,0,1,353356
1740558079451,882,21,0,2,1,347402
1740558079451,883,21,0,3,1,331591
1740558079451,1241,19,0,0,1,311205
1740558079451,555,62,0,1,1,290972
1740558079451,553,55,0,2,1,281146
1740558079451,181,54,0,1,1,284004
1740558079451,177,51,0,2,1,268597
1740558079451,551,61,0,2,1,222766
1740558079451,1246,23,0,0,1,184427
1740558079451,556,55,0,2,1,180884
1740558079451,190,51,0,2,1,136628
1740558079451,560,67,0,2,1,126765
1740558080451,1255,30,0,0,0,505
1740558080451,563,62,0,2,0,4660
1740558080451,569,52,0,1,0,24789
1740558080451,903,35,0,1,0,28191
1740558080451,1252,23,0,0,0,32064
1740558080451,894,40,0,2,0,33767
1740558080451,899,35,0,3,0,38925
1740558080451,1253,22,0,0,0,47893
1740558080451,891,28,0,2,0,48972
1740558080451,196,61,0,2,0,65752
1740558080451,558,56,0,2,0,67807
1740558080451,192,68,0,1,0,93000
1740558080451,562,56,0,3,0,104330
1740558080451,895,31,0,2,0,138896
1740558080451,186,66,0,2,0,138504
1740558080451,896,42,0,3,0,155278
1740558080451,570,54,0,3,0,167484
1740558080451,904,38,0,2,0,170959
1740558080451,195,75,0,2,0,176962
1740558080451,194,57,0,2,0,191502
1740558080451,1243,20,0,0,0,227368
1740558080451,193,51,0,1,0,233142
1740558080451,901,32,0,2,0,297312
1740558080451,198,64,0,2,0,319425
1740558080451,893,38,0,2,0,318854
1740558080451,566,43,0,2,0,388327
1740558080451,1250,20,0,0,1,527666
1740558080451,568,44,0,2,1,488095
1740558080451,571,56,0,3,1,481660
1740558080451,197,68,0,1,1,482584
1740558080451,892,32,0,2,1,473539
1740558080451,1256,29,0,0,1,453604
1740558080451,567,51,0,2,1,450412
1740558080451,905,22,0,3,1,447639
1740558080451,898,45,0,1,1,430638
1740558080451,902,20,0,3,1,421368
1740558080451,201,61,0,2,1,409502
1740558080451,200,55,0,2,1,362514
1740558080451,565,57,0,1,1,349536
1740558080451,1249,29,0,0,1,342702
1740558080451,199,73,0,2,1,340114
1740558080451,897,27,0,2,1,310144
1740558080451,900,20,0,2,1,284096
1740558080451,1251,28,0,0,1,231849
1740558080451,561,51,0,3,1,138818
1740558080451,1254,32,0,0,1,120905
1740558081451,1257,20,0,0,0,325
1740558081451,3,0,0,1,0,45545
1740558081451,912,37,0,2,0,12447
1740558081451,202,51,0,2,0,32246
1740558081451,906,34,0,2,0,33406
1740558081451,576,70,0,2,0,36882
1740558081451,1263,20,0,0,0,42559
1740558081451,1264,20,0,0,0,47851
1740558081451,564,53,0,1,0,51356
1740558081451,575,56,0,2,0,78077
1740558081451,573,64,0,2,0,99973
1740558081451,572,44,0,2,0,103253
1740558081451,1265,22,0,0,0,137630
1740558081451,908,20,0,3,0,138305
1740558081451,910,46,0,3,0,203015
1740558081451,205,67,0,3,0,214031
1740558081451,580,67,0,1,0,227074
1740558081451,209,57,0,1,0,228552
1740558081451,1268,30,0,0,0,259198
1740558081451,210,55,0,2,0,275637
1740558081451,917,27,0,2,0,291795
1740558081451,207,75,0,1,0,310172
1740558081451,907,36,0,1,0,334563
1740558081451,577,54,0,1,0,362893
1740558081451,1259,34,0,0,0,401855
1740558081451,915,31,0,2,0,508469
1740558081451,578,63,0,2,1,496445
1740558081451,1258,26,0,0,1,485316
1740558081451,914,21,0,2,1,468874
1740558081451,204,65,0,2,1,445957
1740558081451,579,54,0,3,1,439533
1740558081451,1267,23,0,0,1,437871
1740558081451,1262,27,0,0,1,416674
1740558081451,211,59,0,2,1,404787
1740558081451,208,51,0,2,1,390068
1740558081451,916,30,0,3,1,378571
1740558081451,206,51,0,2,1,374311
1740558081451,574,59,0,1,1,359795
1740558081451,909,40,0,3,1,335834
1740558081451,1247,20,0,0,1,311192
1740558081451,203,64,0,3,1,287971
1740558081451,1260,27,0,0,1,194908
1740558081451,913,29,0,2,1,193855
1740558082451,918,51,0,3,0,7977
1740558082451,927,27,0,2,0,11966
1740558082451,586,53,0,1,0,24888
1740558082451,911,35,0,2,0,28226
1740558082451,590,63,0,2,0,31503
1740558082451,221,55,0,3,0,43347
1740558082451,928,29,0,2,0,54342
1740558082451,591,66,0,2,0,84350
1740558082451,1271,27,0,0,0,111319
1740558082451,220,63,0,2,0,118415
1740558082451,922,34,0,2,0,133778
1740558082451,583,59,0,2,0,141858
1740558082451,581,57,0,2,0,194459
1740558082451,213,57,0,2,0,196971
1740558082451,589,63,0,2,0,200422
1740558082451,215,57,0,2,0,223252
1740558082451,214,62,0,1,0,250210
1740558082451,930,51,0,3,0,303548
1740558082451,222,64,0,2,0,319334
1740558082451,219,51,0,1,0,322715
1740558082451,1261,19,0,0,1,527667
1740558082451,585,69,0,2,1,507169
1740558082451,1269,34,0,0,1,506287
1740558082451,216,51,0,3,1,506265
1740558082451,924,32,0,3,1,499861
1740558082451,595,59,0,1,1,492014
1740558082451,1266,26,0,0,1,485332
1740558082451,925,32,0,2,1,457717
1740558082451,224,59,0,2,1,436403
1740558082451,921,21,0,3,1,421317
1740558082451,919,35,0,2,1,415323
1740558082451,596,51,0,1,1,407944
1740558082451,582,51,0,3,1,402849
1740558082451,584,43,0,2,1,393060
1740558082451,923,32,0,2,1,394354
1740558082451,218,49,0,2,1,353190
1740558082451,587,55,0,2,1,334287
1740558082451,588,55,0,1,1,328708
1740558082451,593,61,0,1,1,306848
1740558082451,1270,27,0,0,1,295228
1740558082451,929,35,0,1,1,256922
1740558082451,926,28,0,2,1,252000
1740558082451,597,73,0,2,1,226796
1740558082451,920,32,0,2,1,220110
1740558082451,592,74,0,2,1,210761
1740558082451,594,59,0,2,1,138602
1740558083451,931,28,0,2,0,22562
1740558083451,227,62,0,2,0,50356
1740558083451,226,51,0,2,0,58754
1740558083451,232,62,0,1,0,65512
1740558083451,599,62,0,1,0,67965
1740558083451,942,35,0,3,0,70438
1740558083451,1281,20,0,0,0,74253
1740558083451,600,52,0,3,0,103645
1740558083451,236,58,0,2,0,102412
1740558083451,1287,23,0,0,0,142934
1740558083451,598,64,0,1,0,147542
1740558083451,1280,26,0,0,0,153554
1740558083451,234,56,0,3,0,154471
1740558083451,938,45,0,2,0,160696
1740558083451,1272,32,0,0,0,164231
1740558083451,1277,29,0,0,0,169456
1740558083451,940,31,0,2,0,170535
1740558083451,934,43,0,1,0,197638
1740558083451,1286,22,0,0,0,227403
1740558083451,936,32,0,2,0,228706
1740558083451,1288,26,0,0,0,238021
1740558083451,235,75,0,2,0,251213
1740558083451,1274,26,0,0,0,269725
1740558083451,937,20,0,3,0,270321
1740558083451,217,55,0,2,0,275627
1740558083451,1283,23,0,0,0,296061
1740558083451,212,70,0,3,0,309507
1740558083451,228,75,0,2,0,357907
1740558083451,230,57,0,2,0,371126
1740558083451,1284,29,0,0,1,506390
1740558083451,1285,27,0,0,1,495877
1740558083451,935,38,0,2,1,494359
1740558083451,939,46,0,2,1,488645
1740558083451,933,21,0,3,1,447740
1740558083451,225,44,0,2,1,427975
1740558083451,1276,25,0,0,1,427262
1740558083451,602,65,0,2,1,396125
1740558083451,1273,29,0,0,1,390216
1740558083451,1279,26,0,0,1,385011
1740558083451,1282,32,0,0,1,374343
1740558083451,233,62,0,2,1,352553
1740558083451,941,21,0,2,1,331571
1740558083451,231,72,0,2,1,318192
1740558083451,237,44,0,1,1,311973
1740558083451,932,35,0,2,1,299171
1740558083451,229,67,0,2,1,282955
1740558083451,1278,28,0,0,1,279364
1740558083451,601,75,0,1,1,279773
1740558083451,1289,23,0,0,1,184434
1740558083451,1275,29,0,0,1,157904
1740558084451,254,59,0,2,0,17683
1740558084451,603,59,0,2,0,20330
1740558084451,238,51,0,3,0,21434
1740558084451,948,29,0,2,0,27848
1740558084451,944,39,0,3,0,39018
1740558084451,249,59,0,1,0,38764
1740558084451,1293,20,0,0,0,42563
1740558084451,605,54,0,2,0,51381
1740558084451,943,29,0,2,0,49062
1740558084451,240,56,0,1,0,58905
1740558084451,952,20,0,3,0,101361
1740558084451,955,27,0,2,0,112263
1740558084451,956,44,0,3,0,129062
1740558084451,1297,27,0,0,0,179959
1740558084451,950,20,0,2,0,180567
1740558084451,241,75,0,2,0,204397
1740558084451,243,62,0,1,0,245088
1740558084451,250,44,0,2,0,247751
1740558084451,607,63,0,3,0,253101
1740558084451,1292,27,0,0,0,259176
1740558084451,958,32,0,2,0,281482
1740558084451,1296,20,0,0,0,285447
1740558084451,612,58,0,1,0,295300
1740558084451,957,33,0,3,0,302692
1740558084451,248,51,0,2,0,391317
1740558084451,1299,32,0,0,1,522205
1740558084451,253,75,0,2,1,519224
1740558084451,954,36,0,3,1,510291
1740558084451,257,63,0,1,1,483025
1740558084451,1295,28,0,0,1,469454
1740558084451,247,75,0,2,1,450030
1740558084451,610,74,0,1,1,416700
1740558084451,606,61,0,2,1,392335
1740558084451,244,66,0,1,1,393412
1740558084451,246,51,0,2,1,390056
1740558084451,608,44,0,1,1,377199
1740558084451,951,33,0,2,1,362560
1740558084451,1294,28,0,0,1,342729
1740558084451,609,55,0,1,1,334184
1740558084451,1298,23,0,0,1,321709
1740558084451,252,70,0,3,1,313567
1740558084451,946,41,0,1,1,304111
1740558084451,945,22,0,3,1,283914
1740558084451,1290,26,0,0,1,274114
1740558084451,1291,29,0,0,1,263504
1740558084451,953,27,0,2,1,252088
1740558084451,258,63,0,1,1,245420
1740558084451,239,55,0,2,1,231135
1740558084451,947,34,0,1,1,214691
1740558084451,604,55,0,2,1,101565
1740558085451,1309,20,0,0,0,315
1740558085451,616,58,0,1,0,36206
1740558085451,959,32,0,3,0,38615
1740558085451,967,28,0,2,0,59489
1740558085451,1308,34,0,0,0,69206
1740558085451,614,51,0,2,0,77620
1740558085451,242,55,0,2,0,102338
1740558085451,259,56,0,2,0,106498
1740558085451,617,59,0,2,0,110147
1740558085451,1301,20,0,0,0,121777
1740558085451,619,66,0,3,0,147400
1740558085451,1302,30,0,0,0,148352
1740558085451,265,51,0,2,0,148510
1740558085451,966,36,0,2,0,154987
1740558085451,260,57,0,3,0,154584
1740558085451,263,44,0,3,0,168614
1740558085451,949,26,0,2,0,170325
1740558085451,1300,27,0,0,0,206384
1740558085451,1304,29,0,0,0,264489
1740558085451,1307,34,0,0,0,322648
1740558085451,262,57,0,2,0,328815
1740558085451,970,32,0,2,0,339593
1740558085451,1303,26,0,0,0,348914
1740558085451,621,64,0,2,0,379914
1740558085451,960,33,0,2,0,392426
1740558085451,615,51,0,3,0,410253
1740558085451,1305,23,0,0,0,433340
1740558085451,965,35,0,2,0,455887
1740558085451,264,55,0,1,1,521674
1740558085451,618,44,0,2,1,514494
1740558085451,261,67,0,3,1,489581
1740558085451,620,52,0,2,1,471339
1740558085451,269,59,0,1,1,441694
1740558085451,613,55,0,1,1,397286
1740558085451,251,51,0,3,1,395407
1740558085451,611,42,0,2,1,393095
1740558085451,968,33,0,2,1,362591
1740558085451,245,67,0,2,1,352490
1740558085451,1306,26,0,0,1,342772
1740558085451,266,64,0,2,1,330094
1740558085451,268,67,0,3,1,324406
1740558085451,963,28,0,2,1,310009
1740558085451,964,35,0,1,1,299100
1740558085451,961,45,0,2,1,235220
1740558085451,962,48,0,1,1,161187
1740558086451,1314,27,0,0,0,5738
1740558086451,633,62,0,2,0,9883
1740558086451,274,61,0,2,0,12518
1740558086451,971,30,0,2,0,12154
1740558086451,975,31,0,2,0,17449
1740558086451,256,52,0,2,0,17397
1740558086451,1319,27,0,0,0,32118
1740558086451,278,44,0,3,0,36595
1740558086451,273,44,0,1,0,47205
1740558086451,1318,30,0,0,0,58581
1740558086451,1311,22,0,0,0,74298
1740558086451,255,73,0,2,0,103164
1740558086451,978,34,0,3,0,107435
1740558086451,277,56,0,2,0,138979
1740558086451,624,64,0,2,0,152839
1740558086451,1313,27,0,0,0,153578
1740558086451,290,60,0,1,0,154696
1740558086451,1322,26,0,0,0,158809
1740558086451,626,67,0,3,0,174160
1740558086451,1310,26,0,0,0,201085
1740558086451,286,73,0,3,0,209140
1740558086451,267,44,0,4,0,248084
1740558086451,287,67,0,2,0,282758
1740558086451,634,64,0,2,1,523190
1740558086451,284,64,0,1,1,514729
1740558086451,974,34,0,2,1,489260
1740558086451,625,58,0,3,1,481278
1740558086451,281,58,0,2,1,468185
1740558086451,977,20,0,2,1,468880
1740558086451,623,51,0,2,1,460980
1740558086451,979,41,0,3,1,462474
1740558086451,283,61,0,2,1,457145
1740558086451,976,36,0,2,1,457506
1740558086451,289,51,0,2,1,453533
1740558086451,1320,30,0,0,1,448310
1740558086451,972,41,0,1,1,430818
1740558086451,285,56,0,3,1,415875
1740558086451,1312,20,0,0,1,406227
1740558086451,627,67,0,2,1,364160
1740558086451,981,28,0,2,1,336447
1740558086451,632,54,0,3,1,328813
1740558086451,1316,29,0,0,1,316311
1740558086451,288,64,0,1,1,298433
1740558086451,630,67,0,1,1,295661
1740558086451,1315,23,0,0,1,268895
1740558086451,271,51,0,2,1,268638
1740558086451,1321,25,0,0,1,253039
1740558086451,276,67,0,3,1,202897
1740558086451,631,57,0,1,1,148854
1740558086451,1317,29,0,0,1,147350
1740558086451,629,54,0,2,1,143867
1740558086451,622,63,0,1,1,101307
1740558086451,973,47,0,3,1,71432
1740558087451,1325,23,0,0,0,5656
1740558087451,1324,20,0,0,0,16174
1740558087451,293,61,0,2,0,17797
1740558087451,638,70,0,2,0,20966
1740558087451,989,31,0,2,0,33293
1740558087451,997,32,0,2,0,38670
1740558087451,994,25,0,2,0,59373
1740558087451,988,32,0,2,0,64986
1740558087451,635,57,0,2,0,72890
1740558087451,984,22,0,2,0,101490
1740558087451,640,59,0,2,0,109907
1740558087451,982,33,0,3,0,117922
1740558087451,639,51,0,1,0,125110
1740558087451,993,46,0,3,0,129094
1740558087451,642,51,0,1,0,135618
1740558087451,272,67,0,3,0,149321
1740558087451,969,26,0,3,0,154458
1740558087451,270,74,0,1,0,170318
1740558087451,986,21,0,2,0,180590
1740558087451,302,59,0,2,0,223524
1740558087451,983,28,0,2,0,223223
1740558087451,301,56,0,2,0,228490
1740558087451,280,54,0,2,0,248310
1740558087451,995,45,0,2,0,297994
1740558087451,636,75,0,2,0,386359
1740558087451,282,44,0,2,1,523071
1740558087451,998,30,0,2,1,510585
1740558087451,1328,29,0,0,1,490551
1740558087451,297,55,0,1,1,490470
1740558087451,294,43,0,2,1,480879
1740558087451,275,44,0,2,1,443963
1740558087451,985,32,0,2,1,441828
1740558087451,643,70,0,2,1,438546
1740558087451,1323,28,0,0,1,416633
1740558087451,987,35,0,2,1,415325
1740558087451,299,57,0,2,1,405093
1740558087451,641,68,0,2,1,396644
1740558087451,291,66,0,1,1,382574
1740558087451,300,59,0,1,1,378336
1740558087451,628,67,0,2,1,364369
1740558087451,644,62,0,2,1,359613
1740558087451,292,51,0,3,1,358370
1740558087451,990,40,0,3,1,351704
1740558087451,1329,20,0,0,1,332316
1740558087451,1326,24,0,0,1,311111
1740558087451,1327,28,0,0,1,305771
1740558087451,637,70,0,2,1,242457
1740558087451,298,67,0,2,1,234609
1740558087451,279,67,0,2,1,203082
1740558087451,996,37,0,3,1,109002
1740558088451,310,58,0,3,0,43986
1740558088451,651,66,0,3,0,52038
1740558088451,1344,27,0,0,0,63793
1740558088451,650,59,0,1,0,152283
1740558088451,296,67,0,3,0,169757
1740558088451,999,29,0,2,0,170465
1740558088451,1333,29,0,0,0,190576
1740558088451,307,64,0,3,0,293044
1740558088451,648,60,0,4,0,343025
1740558088451,652,75,0,2,0,359770
1740558088451,1004,50,0,1,0,388072
1740558088451,1341,32,0,0,0,401801
1740558088451,1336,30,0,0,0,438751
1740558088451,1007,29,0,2,0,455596
1740558088451,303,64,0,2,0,461788
1740558088451,649,51,0,2,1,524320
1740558088451,305,59,0,2,1,505570
1740558088451,1005,37,0,1,1,478596
1740558088451,1006,22,0,2,1,468864
1740558088451,980,37,0,1,1,462744
1740558088451,314,57,0,1,1,453293
1740558088451,1340,28,0,0,1,448348
1740558088451,991,34,0,3,1,415344
1740558088451,1001,35,0,2,1,404764
1740558088451,316,57,0,2,1,394810
1740558088451,1330,27,0,0,1,390256
1740558088451,1000,36,0,1,1,383581
1740558088451,646,69,0,1,1,380486
1740558088451,1342,23,0,0,1,374511
1740558088451,295,62,0,2,1,357998
1740558088451,1334,28,0,0,1,342727
1740558088451,308,61,0,2,1,334872
1740558088451,1008,23,0,2,1,331479
1740558088451,1339,30,0,0,1,326855
1740558088451,311,67,0,2,1,324356
1740558088451,1002,41,0,1,1,325176
1740558088451,1331,23,0,0,1,321680
1740558088451,309,63,0,1,1,293280
1740558088451,1343,27,0,0,1,279408
1740558088451,1003,29,0,2,1,251916
1740558088451,1335,25,0,0,1,226628
1740558088451,1332,27,0,0,1,210742
1740558088451,647,51,0,1,1,191754
1740558088451,304,44,0,1,1,169277
1740558088451,312,66,0,2,1,160695
1740558088451,1337,29,0,0,1,126238
1740558088451,1338,32,0,0,1,89232
1740558089451,1347,23,0,0,0,380
1740558089451,325,57,0,2,0,12182
1740558089451,1350,23,0,0,0,42610
1740558089451,665,44,0,2,0,45158
1740558089451,1015,46,0,2,0,70991
1740558089451,656,56,0,2,0,77878
1740558089451,1351,20,0,0,0,121767
1740558089451,329,59,0,1,0,154693
1740558089451,657,51,0,2,0,167360
1740558089451,1349,20,0,0,0,195683
1740558089451,320,64,0,2,0,203241
