6,1,725.07,1000000000000
22,1,218.74,1000000000000
1,3,656.95,1000000000000
16,0,700.81,1000000060000
4,3,198.13,1000000060000
13,0,289.84,1000000060000
17,2,619.46,1000000120000
22,0,582.87,1000000120000
8,1,724.04,1000000120000
8,2,273.74,1000000180000
8,3,321.87,1000000180000
19,1,618.82,1000000180000
5,3,245.74,1000000240000
15,2,422.06,1000000240000
13,2,211.94,1000000240000
11,3,777.61,1000000300000
15,2,297.63,1000000300000
7,1,311.03,1000000300000
21,0,411.8,1000000360000
24,1,101.24,1000000360000
1,3,293.04,1000000360000
18,2,759.99,1000000420000
5,3,257.36,1000000420000
16,0,603.73,1000000420000
13,2,70.88,1000000480000
2,2,82.88,1000000480000
0,0,589.06,1000000480000
1,2,99.39,1000000540000
0,0,886.76,1000000540000
8,1,155.81,1000000540000
3,2,402.99,1000000600000
14,1,193.12,1000000600000
8,0,783.44,1000000600000
19,1,157.21,1000000660000
23,3,97.89,1000000660000
17,1,382.31,1000000660000
10,3,499.22,1000000720000
16,3,56.92,1000000720000
23,3,197.06,1000000720000
21,0,593.77,1000000780000
11,1,220.96,1000000780000
1,1,805.53,1000000780000
11,2,49.99,1000000840000
24,3,415.3,1000000840000
25,2,13.3,1000000840000
18,2,574.36,1000000900000
22,2,486.31,1000000900000
12,1,71.75,1000000900000
6,3,456.67,1000000960000
0,2,468.36,1000000960000
6,3,406.18,1000000960000
24,0,626.18,1000001020000
3,0,555.3,1000001020000
13,3,365.22,1000001020000
25,0,788.66,1000001080000
10,3,168.27,1000001080000
20,1,364.8,1000001080000
7,0,852.58,1000001140000
12,1,571.09,1000001140000
20,2,743.36,1000001140000
1,0,334.11,1000001200000
8,1,416.41,1000001200000
18,3,306.84,1000001200000
12,0,502.55,1000001260000
3,3,256.62,1000001260000
3,0,778.04,1000001260000
2,1,619.84,1000001320000
12,3,276.28,1000001320000
4,2,491.02,1000001320000
3,0,135.48,1000001380000
10,1,141.4,1000001380000
25,1,599.98,1000001380000
21,3,224.6,1000001440000
4,0,133.44,1000001440000
22,0,539.55,1000001440000
7,2,740.7,1000001500000
15,1,603.46,1000001500000
6,0,108.2,1000001500000
5,2,687.81,1000001560000
3,2,535.87,1000001560000
3,1,663.55,1000001560000
9,2,380.28,1000001620000
0,3,410.81,1000001620000
5,3,832.92,1000001620000
12,3,345.99,1000001680000
6,3,714.19,1000001680000
2,3,175.09,1000001680000
12,0,367.2,1000001740000
5,2,823.29,1000001740000
10,2,408.68,1000001740000
25,0,788.82,1000001800000
24,0,99.99,1000001800000
16,0,548.35,1000001800000
0,0,354.32,1000001860000
11,3,333.05,1000001860000
1,1,813.65,1000001860000
13,0,500.67,1000001920000
1,1,257.05,1000001920000
20,2,745.42,1000001920000
25,3,83.82,1000001980000
13,1,612.38,1000001980000
21,3,305.94,1000001980000
1,0,190.84,1000002040000
20,2,477.01,1000002040000
20,1,122.86,1000002040000
25,1,507.5,1000002100000
12,0,832.01,1000002100000
24,1,250.31,1000002100000
3,1,807.65,1000002160000
2,3,456.56,1000002160000
3,1,389.62,1000002160000
18,1,704.99,1000002220000
13,0,698.44,1000002220000
21,1,582.02,1000002220000
3,3,319.13,1000002280000
25,1,742.72,1000002280000
21,1,466.89,1000002280000
6,1,517.83,1000002340000
15,0,207.23,1000002340000
12,0,676.97,1000002340000
12,3,377.57,1000002400000
5,0,334.24,1000002400000
25,3,316.17,1000002400000
14,3,167.32,1000002460000
1,0,688.42,1000002460000
4,0,122.06,1000002460000
1,3,266.55,1000002520000
20,3,6.73,1000002520000
10,2,820.23,1000002520000
23,2,818.04,1000002580000
16,1,751.69,1000002580000
8,2,238.51,1000002580000
5,3,483.95,1000002640000
14,1,407.46,1000002640000
1,0,629.83,1000002640000
22,1,894.75,1000002700000
20,2,873.09,1000002700000
5,0,44.41,1000002700000
6,3,721.63,1000002760000
18,2,483.11,1000002760000
7,2,693.07,1000002760000
24,0,258.79,1000002820000
14,3,553.18,1000002820000
23,2,430.72,1000002820000
19,1,46.02,1000002880000
12,3,166.97,1000002880000
23,3,228.77,1000002880000
6,0,127.28,1000002940000
10,1,43.44,1000002940000
15,2,766.13,1000002940000
18,1,331.13,1000003000000
9,3,462.04,1000003000000
21,3,802.96,1000003000000
1,3,867.21,1000003060000
18,3,889.62,1000003060000
21,3,239.43,1000003060000
2,2,129.03,1000003120000
15,1,707.8,1000003120000
5,0,854.19,1000003120000
18,2,891.53,1000003180000
12,2,586.2,1000003180000
5,1,772.95,1000003180000
14,0,38.2,1000003240000
25,1,291.6,1000003240000
23,3,57.2,1000003240000
17,1,621.1,1000003300000
22,1,277.66,1000003300000
14,0,211.56,1000003300000
5,0,497.38,1000003360000
3,1,796.26,1000003360000
5,1,627.23,1000003360000
4,2,590.1,1000003420000
4,3,766.54,1000003420000
16,2,125.34,1000003420000
24,0,896.77,1000003480000
22,3,887.31,1000003480000
7,1,400.71,1000003480000
7,0,109.71,1000003540000
23,1,824.6,1000003540000
5,0,584.91,1000003540000
16,1,95.53,1000003600000
24,3,88.34,1000003600000
19,3,884.21,1000003600000
7,3,65.14,1000003660000
19,1,871.11,1000003660000
25,2,221.94,1000003660000
4,1,206.65,1000003720000
23,0,434.82,1000003720000
22,0,148.51,1000003720000
8,1,697.45,1000003780000
17,0,362.61,1000003780000
5,1,124.58,1000003780000
16,0,715.01,1000003840000
24,2,396.52,1000003840000
19,3,509.8,1000003840000
5,2,246.43,1000003900000
1,2,571.33,1000003900000
21,2,748.2,1000003900000
25,1,191.05,1000003960000
25,1,705.12,1000003960000
25,3,807.51,1000003960000
12,0,689.92,1000004020000
7,1,170.28,1000004020000
21,2,208.51,1000004020000
14,2,365.36,1000004080000
11,1,290.97,1000004080000
19,1,504.85,1000004080000
9,1,778.13,1000004140000
7,0,123.79,1000004140000
3,3,602.3,1000004140000
16,1,382.58,1000004200000
11,0,200.71,1000004200000
19,2,230.23,1000004200000
20,2,481.56,1000004260000
25,3,722.42,1000004260000
20,3,413.46,1000004260000
12,0,620.82,1000004320000
2,2,591.44,1000004320000
19,0,753.05,1000004320000
20,0,193.87,1000004380000
0,2,236.48,1000004380000
9,2,181.5,1000004380000
15,2,133.99,1000004440000
3,3,10.2,1000004440000
11,0,442.87,1000004440000
11,3,735.89,1000004500000
18,1,168.15,1000004500000
1,0,604.65,1000004500000
23,1,534.54,1000004560000
3,0,202.45,1000004560000
3,3,463.43,1000004560000
9,1,14.36,1000004620000
9,0,9.14,1000004620000
21,0,688.63,1000004620000
22,0,820.52,1000004680000
4,0,57.48,1000004680000
0,2,715.38,1000004680000
25,0,648.3,1000004740000
20,2,845.37,1000004740000
12,1,74.97,1000004740000
0,3,654.16,1000004800000
3,0,724.97,1000004800000
9,3,193.44,1000004800000
23,3,871.68,1000004860000
11,0,820.0,1000004860000
18,0,239.51,1000004860000
9,1,68.67,1000004920000
5,3,690.45,1000004920000
14,0,845.89,1000004920000
13,0,296.33,1000004980000
25,2,251.08,1000004980000
6,3,525.05,1000004980000
8,2,807.62,1000005040000
0,3,621.62,1000005040000
14,0,186.08,1000005040000
8,3,882.71,1000005100000
1,3,702.82,1000005100000
4,1,751.09,1000005100000
3,2,801.31,1000005160000
20,1,426.56,1000005160000
10,1,503.2,1000005160000
11,3,495.42,1000005220000
13,1,739.22,1000005220000
4,0,472.23,1000005220000
8,1,262.53,1000005280000
17,2,783.09,1000005280000
1,0,563.84,1000005280000
19,1,433.73,1000005340000
19,1,780.94,1000005340000
18,3,540.36,1000005340000
3,3,726.8,1000005400000
10,0,303.07,1000005400000
6,3,803.2,1000005400000
22,0,264.13,1000005460000
21,1,74.12,1000005460000
12,1,326.73,1000005460000
24,2,95.48,1000005520000
16,0,732.32,1000005520000
22,0,453.88,1000005520000
18,0,426.07,1000005580000
8,1,232.72,1000005580000
6,3,353.9,1000005580000
3,2,538.69,1000005640000
3,0,46.61,1000005640000
10,0,880.49,1000005640000
6,2,146.03,1000005700000
8,2,677.44,1000005700000
25,1,682.72,1000005700000
25,3,36.86,1000005760000
0,2,472.11,1000005760000
0,0,342.94,1000005760000
16,0,351.39,1000005820000
15,1,860.92,1000005820000
24,3,781.24,1000005820000
9,2,578.36,1000005880000
10,0,652.18,1000005880000
15,1,362.62,1000005880000
8,1,676.29,1000005940000
24,2,171.94,1000005940000
11,0,267.16,1000005940000
8,2,291.42,1000006000000
7,3,341.51,1000006000000
20,3,510.26,1000006000000
5,2,747.06,1000006060000
5,1,380.86,1000006060000
20,0,699.97,1000006060000
17,0,128.67,1000006120000
9,0,217.48,1000006120000
11,2,582.43,1000006120000
21,3,495.18,1000006180000
8,1,545.08,1000006180000
10,0,147.37,1000006180000
5,1,193.05,1000006240000
10,1,148.2,1000006240000
10,1,349.68,1000006240000
1,0,477.22,1000006300000
18,3,466.41,1000006300000
8,2,229.36,1000006300000
23,1,860.94,1000006360000
12,0,791.07,1000006360000
19,0,376.85,1000006360000
23,1,577.51,1000006420000
24,1,27.91,1000006420000
20,2,748.88,1000006420000
18,0,733.81,1000006480000
6,3,694.85,1000006480000
12,3,420.12,1000006480000
16,3,143.28,1000006540000
7,0,172.14,1000006540000
22,3,894.08,1000006540000
1,0,404.86,1000006600000
1,1,429.18,1000006600000
23,1,52.17,1000006600000
3,1,823.74,1000006660000
25,1,155.67,1000006660000
12,1,683.81,1000006660000
7,0,409.48,1000006720000
9,3,410.74,1000006720000
9,3,24.97,1000006720000
8,3,217.21,1000006780000
20,0,543.7,1000006780000
20,3,335.45,1000006780000
2,1,710.12,1000006840000
19,1,144.58,1000006840000
3,3,751.81,1000006840000
8,3,295.02,1000006900000
15,1,719.06,1000006900000
18,3,311.23,1000006900000
13,0,197.56,1000006960000
17,1,124.04,1000006960000
13,0,78.53,1000006960000
21,3,876.51,1000007020000
2,0,263.12,1000007020000
20,0,821.81,1000007020000
3,1,171.58,1000007080000
22,0,128.3,1000007080000
24,2,225.83,1000007080000
15,0,606.79,1000007140000
17,3,522.76,1000007140000
16,0,477.32,1000007140000
22,1,165.25,1000007200000
21,0,143.1,1000007200000
2,0,663.13,1000007200000
23,2,48.41,1000007260000
21,1,760.37,1000007260000
14,1,496.19,1000007260000
24,1,207.61,1000007320000
23,3,295.12,1000007320000
7,3,899.84,1000007320000
21,1,587.27,1000007380000
18,0,625.72,1000007380000
11,1,494.83,1000007380000
2,2,69.93,1000007440000
9,2,730.89,1000007440000
12,3,554.02,1000007440000
9,0,531.93,1000007500000
20,3,168.23,1000007500000
11,3,350.7,1000007500000
3,3,192.07,1000007560000
6,2,8.75,1000007560000
22,3,506.94,1000007560000
15,2,706.36,1000007620000
25,1,590.96,1000007620000
15,1,545.82,1000007620000
17,3,798.03,1000007680000
8,0,414.66,1000007680000
7,0,259.66,1000007680000
13,2,275.78,1000007740000
4,3,415.33,1000007740000
10,2,84.23,1000007740000
7,3,739.14,1000007800000
25,2,530.68,1000007800000
20,0,52.55,1000007800000
16,1,286.84,1000007860000
23,3,493.28,1000007860000
15,3,524.02,1000007860000
25,3,201.25,1000007920000
12,2,136.56,1000007920000
2,3,390.24,1000007920000
2,0,212.26,1000007980000
1,2,264.62,1000007980000
13,0,520.36,1000007980000
13,2,357.52,1000008040000
6,3,763.65,1000008040000
14,0,609.36,1000008040000
1,3,756.66,1000008100000
3,1,80.83,1000008100000
5,0,418.25,1000008100000
2,2,858.7,1000008160000
21,0,665.91,1000008160000
25,0,796.7,1000008160000
8,1,485.88,1000008220000
1,0,72.02,1000008220000
2,0,687.38,1000008220000
17,2,374.16,1000008280000
15,3,242.21,1000008280000
9,3,140.9,1000008280000
14,0,592.53,1000008340000
14,3,854.72,1000008340000
11,0,67.04,1000008340000
6,3,219.53,1000008400000
19,2,254.24,1000008400000
16,3,387.44,1000008400000
9,3,102.41,1000008460000
24,3,832.46,1000008460000
18,1,136.12,1000008460000
18,2,280.03,1000008520000
12,3,338.91,1000008520000
22,1,655.11,1000008520000
18,1,274.45,1000008580000
17,3,122.09,1000008580000
2,3,347.67,1000008580000
7,1,428.25,1000008640000
7,2,415.63,1000008640000
23,3,360.21,1000008640000
13,2,296.73,1000008700000
0,0,412.06,1000008700000
20,1,276.46,1000008700000
25,1,877.69,1000008760000
21,0,779.27,1000008760000
6,3,36.59,1000008760000
5,0,652.19,1000008820000
23,2,234.27,1000008820000
16,1,622.01,1000008820000
2,0,728.79,1000008880000
19,3,628.14,1000008880000
7,1,403.62,1000008880000
9,3,740.18,1000008940000
3,1,667.44,1000008940000
21,2,533.08,1000008940000
9,0,776.57,1000009000000
0,2,388.56,1000009000000
0,1,399.63,1000009000000
10,3,833.83,1000009060000
1,1,428.58,1000009060000
17,3,787.53,1000009060000
18,1,485.99,1000009120000
11,0,312.28,1000009120000
1,3,188.67,1000009120000
18,2,323.82,1000009180000
11,1,578.49,1000009180000
3,2,343.77,1000009180000
11,0,259.9,1000009240000
5,0,855.73,1000009240000
11,1,157.3,1000009240000
7,2,726.66,1000009300000
0,0,877.04,1000009300000
3,2,835.37,1000009300000
19,3,836.56,1000009360000
2,3,588.33,1000009360000
10,0,281.09,1000009360000
19,0,659.8,1000009420000
21,1,743.2,1000009420000
15,3,178.05,1000009420000
12,1,617.15,1000009480000
14,3,473.38,1000009480000
24,2,415.83,1000009480000
7,3,406.42,1000009540000
18,0,111.34,1000009540000
5,1,81.95,1000009540000
1,0,888.71,1000009600000
12,3,668.37,1000009600000
18,1,898.61,1000009600000
17,2,141.93,1000009660000
17,3,117.79,1000009660000
14,0,43.45,1000009660000
13,0,182.03,1000009720000
22,3,803.71,1000009720000
20,1,333.21,1000009720000
18,0,689.53,1000009780000
13,3,68.7,1000009780000
24,2,206.03,1000009780000
24,1,649.88,1000009840000
22,0,228.82,1000009840000
18,3,360.68,1000009840000
7,3,836.75,1000009900000
25,3,524.87,1000009900000
23,0,488.85,1000009900000
25,3,598.69,1000009960000
1,3,110.05,1000009960000
20,3,287.82,1000009960000
12,1,287.21,1000010020000
18,2,641.01,1000010020000
16,3,767.7,1000010020000
22,0,437.83,1000010080000
12,2,796.97,1000010080000
0,2,649.42,1000010080000
4,3,34.16,1000010140000
12,3,748.46,1000010140000
15,0,91.94,1000010140000
4,0,420.81,1000010200000
20,2,52.34,1000010200000
13,3,342.0,1000010200000
16,2,410.56,1000010260000
9,3,750.34,1000010260000
5,3,622.2,1000010260000
15,3,883.03,1000010320000
14,3,523.98,1000010320000
9,0,136.66,1000010320000
3,1,624.56,1000010380000
18,2,55.95,1000010380000
22,2,425.76,1000010380000
12,2,660.32,1000010440000
4,3,658.96,1000010440000
5,0,35.73,1000010440000
10,1,498.45,1000010500000
14,1,765.94,1000010500000
0,2,362.02,1000010500000
2,2,28.31,1000010560000
1,0,161.38,1000010560000
6,2,784.08,1000010560000
7,3,352.63,1000010620000
21,3,679.72,1000010620000
21,1,518.83,1000010620000
1,0,212.13,1000010680000
22,0,238.13,1000010680000
4,3,204.94,1000010680000
20,2,816.12,1000010740000
4,2,639.33,1000010740000
10,2,854.36,1000010740000
20,1,747.97,1000010800000
10,0,534.97,1000010800000
0,2,238.59,1000010800000
23,2,479.77,1000010860000
20,0,842.35,1000010860000
24,1,6.46,1000010860000
6,3,721.87,1000010920000
24,3,130.6,1000010920000
20,0,321.79,1000010920000
15,0,166.33,1000010980000
20,3,887.55,1000010980000
3,1,387.44,1000010980000
20,2,702.28,1000011040000
20,3,560.66,1000011040000
1,2,709.91,1000011040000
6,0,815.18,1000011100000
15,0,537.66,1000011100000
15,0,807.87,1000011100000
24,0,895.06,1000011160000
3,1,788.55,1000011160000
5,1,6.78,1000011160000
2,3,455.53,1000011220000
21,3,247.71,1000011220000
17,0,184.9,1000011220000
20,0,250.53,1000011280000
25,1,59.08,1000011280000
8,3,523.9,1000011280000
12,3,318.12,1000011340000
25,3,176.14,1000011340000
17,3,717.11,1000011340000
12,1,14.72,1000011400000
11,0,320.83,1000011400000
14,0,390.29,1000011400000
21,1,686.41,1000011460000
17,3,54.51,1000011460000
12,3,523.84,1000011460000
1,1,798.96,1000011520000
2,3,113.87,1000011520000
19,2,292.12,1000011520000
20,3,191.75,1000011580000
0,0,509.4,1000011580000
10,2,580.01,1000011580000
14,1,230.78,1000011640000
4,1,235.35,1000011640000
11,0,570.72,1000011640000
11,0,677.83,1000011700000
11,0,105.88,1000011700000
21,3,630.83,1000011700000
20,0,265.04,1000011760000
22,0,161.35,1000011760000
24,2,378.64,1000011760000
22,2,251.89,1000011820000
20,2,372.35,1000011820000
11,1,851.31,1000011820000
16,3,503.56,1000011880000
6,1,427.97,1000011880000
6,1,387.3,1000011880000
0,3,260.52,1000011940000
21,0,484.24,1000011940000
3,3,847.4,1000011940000
15,0,294.96,1000012000000
20,0,258.03,1000012000000
13,3,578.99,1000012000000
10,2,486.75,1000012060000
21,3,418.29,1000012060000
17,3,62.73,1000012060000
2,3,500.22,1000012120000
12,0,868.31,1000012120000
8,1,10.17,1000012120000
19,2,39.13,1000012180000
18,1,526.67,1000012180000
17,2,122.02,1000012180000
17,0,777.42,1000012240000
2,1,654.75,1000012240000
13,2,588.83,1000012240000
12,2,62.36,1000012300000
22,2,255.65,1000012300000
0,1,255.34,1000012300000
21,2,516.16,1000012360000
16,1,637.79,1000012360000
6,0,690.74,1000012360000
11,3,869.16,1000012420000
21,1,160.71,1000012420000
16,2,503.57,1000012420000
20,2,434.96,1000012480000
12,2,436.92,1000012480000
3,1,899.32,1000012480000
22,2,703.04,1000012540000
16,3,80.25,1000012540000
6,0,174.64,1000012540000
12,1,836.49,1000012600000
4,3,420.21,1000012600000
14,1,154.64,1000012600000
23,2,245.4,1000012660000
5,1,126.68,1000012660000
20,1,852.16,1000012660000
0,1,211.63,1000012720000
21,0,224.1,1000012720000
24,1,515.2,1000012720000
12,1,1.48,1000012780000
10,2,547.26,1000012780000
23,2,144.15,1000012780000
8,2,793.06,1000012840000
18,1,539.38,1000012840000
15,3,311.18,1000012840000
8,1,568.76,1000012900000
8,3,859.99,1000012900000
4,0,187.35,1000012900000
1,1,327.31,1000012960000
0,0,881.94,1000012960000
0,3,372.88,1000012960000
1,1,474.4,1000013020000
12,1,512.34,1000013020000
16,3,457.8,1000013020000
20,2,472.06,1000013080000
21,2,271.18,1000013080000
18,3,862.87,1000013080000
15,3,287.74,1000013140000
22,3,872.54,1000013140000
0,2,850.11,1000013140000
21,2,810.99,1000013200000
4,1,860.55,1000013200000
3,1,137.57,1000013200000
19,1,136.28,1000013260000
17,2,143.24,1000013260000
5,2,633.51,1000013260000
17,2,390.46,1000013320000
23,0,196.71,1000013320000
12,3,625.87,1000013320000
2,0,126.3,1000013380000
13,3,87.15,1000013380000
5,1,700.64,1000013380000
22,1,201.75,1000013440000
7,2,586.36,1000013440000
9,3,777.47,1000013440000
13,1,836.07,1000013500000
19,0,849.69,1000013500000
20,1,751.9,1000013500000
4,3,14.14,1000013560000
19,0,642.18,1000013560000
13,2,563.59,1000013560000
21,3,688.01,1000013620000
3,1,231.17,1000013620000
14,1,530.19,1000013620000
21,0,764.49,1000013680000
5,0,811.96,1000013680000
5,3,280.32,1000013680000
11,0,558.88,1000013740000
2,2,712.91,1000013740000
7,1,269.65,1000013740000
21,2,752.88,1000013800000
23,2,273.23,1000013800000
0,0,124.89,1000013800000
20,0,803.97,1000013860000
23,3,171.69,1000013860000
10,0,719.39,1000013860000
10,2,34.93,1000013920000
17,2,507.63,1000013920000
19,2,84.25,1000013920000
18,1,666.97,1000013980000
13,0,799.09,1000013980000
5,3,718.73,1000013980000
0,1,833.72,1000014040000
12,0,830.75,1000014040000
19,1,425.64,1000014040000
20,2,59.49,1000014100000
24,2,770.29,1000014100000
18,3,203.42,1000014100000
21,0,225.83,1000014160000
4,2,1.5,1000014160000
22,1,851.32,1000014160000
18,1,56.79,1000014220000
13,3,792.02,1000014220000
18,2,264.0,1000014220000
4,1,449.82,1000014280000
2,3,606.74,1000014280000
5,0,32.44,1000014280000
4,1,136.22,1000014340000
18,0,816.82,1000014340000
8,1,138.01,1000014340000
21,3,488.35,1000014400000
1,3,896.87,1000014400000
18,3,61.89,1000014400000
13,3,840.49,1000014460000
3,2,481.26,1000014460000
0,3,463.77,1000014460000
4,1,412.48,1000014520000
23,1,490.87,1000014520000
20,2,898.47,1000014520000
23,1,413.77,1000014580000
3,1,378.36,1000014580000
12,3,67.29,1000014580000
9,3,279.43,1000014640000
6,3,409.78,1000014640000
12,0,137.23,1000014640000
6,1,455.26,1000014700000
25,3,727.78,1000014700000
12,1,163.18,1000014700000
7,0,43.89,1000014760000
15,2,293.15,1000014760000
16,2,487.66,1000014760000
14,3,104.01,1000014820000
24,0,293.35,1000014820000
25,3,627.62,1000014820000
23,3,591.98,1000014880000
16,2,724.95,1000014880000
21,2,501.5,1000014880000
9,2,301.09,1000014940000
2,0,379.65,1000014940000
5,1,644.62,1000014940000
12,1,836.86,1000015000000
15,1,613.02,1000015000000
25,2,810.99,1000015000000
12,2,480.76,1000015060000
20,1,110.43,1000015060000
12,3,19.88,1000015060000
5,1,30.21,1000015120000
0,1,296.18,1000015120000
25,2,637.56,1000015120000
4,0,143.6,1000015180000
9,0,183.12,1000015180000
15,3,143.36,1000015180000
14,2,139.13,1000015240000
16,2,866.41,1000015240000
24,3,782.0,1000015240000
22,2,67.73,1000015300000
20,1,350.09,1000015300000
22,1,826.62,1000015300000
22,2,104.73,1000015360000
13,3,112.7,1000015360000
24,2,49.96,1000015360000
3,0,106.8,1000015420000
9,0,359.43,1000015420000
12,0,42.22,1000015420000
3,0,390.84,1000015480000
17,0,830.41,1000015480000
2,2,241.35,1000015480000
25,2,79.81,1000015540000
17,0,355.05,1000015540000
19,1,126.54,1000015540000
22,0,515.01,1000015600000
23,3,434.05,1000015600000
3,1,0.33,1000015600000
9,0,741.75,1000015660000
16,2,545.37,1000015660000
10,0,42.36,1000015660000
4,1,410.24,1000015720000
4,3,374.99,1000015720000
15,0,558.06,1000015720000
18,3,222.64,1000015780000
5,3,538.67,1000015780000
19,0,151.87,1000015780000
11,1,241.33,1000015840000
1,0,764.29,1000015840000
16,3,434.49,1000015840000
2,2,65.8,1000015900000
20,1,178.57,1000015900000
14,3,341.97,1000015900000
14,0,519.36,1000015960000
23,1,382.21,1000015960000
24,2,201.82,1000015960000
13,0,864.33,1000016020000
24,0,645.78,1000016020000
23,1,898.75,1000016020000
21,1,297.44,1000016080000
22,2,494.03,1000016080000
9,2,141.96,1000016080000
25,3,661.77,1000016140000
16,0,174.02,1000016140000
11,3,26.5,1000016140000
22,0,122.32,1000016200000
6,1,614.09,1000016200000
25,1,112.66,1000016200000
24,3,422.01,1000016260000
15,0,568.13,1000016260000
8,1,820.48,1000016260000
14,2,156.98,1000016320000
5,1,825.07,1000016320000
2,3,153.94,1000016320000
13,1,809.47,1000016380000
3,0,450.72,1000016380000
9,2,67.89,1000016380000
10,2,467.16,1000016440000
12,3,338.23,1000016440000
11,1,871.53,1000016440000
9,2,263.66,1000016500000
25,2,264.88,1000016500000
12,3,836.14,1000016500000
23,0,712.46,1000016560000
14,1,810.16,1000016560000
14,3,796.6,1000016560000
11,2,807.88,1000016620000
23,1,787.44,1000016620000
13,3,387.0,1000016620000
18,0,156.83,1000016680000
12,3,875.33,1000016680000
23,0,272.19,1000016680000
13,3,108.43,1000016740000
2,1,312.53,1000016740000
5,3,614.98,1000016740000
5,0,230.64,1000016800000
14,1,424.88,1000016800000
16,3,576.94,1000016800000
10,0,792.5,1000016860000
25,2,806.59,1000016860000
14,2,442.35,1000016860000
12,3,66.44,1000016920000
22,0,612.8,1000016920000
20,0,174.09,1000016920000
12,3,15.57,1000016980000
18,2,88.15,1000016980000
23,3,774.51,1000016980000
13,1,194.64,1000017040000
19,3,221.47,1000017040000
16,0,804.25,1000017040000
3,2,643.22,1000017100000
22,2,358.9,1000017100000
11,1,184.99,1000017100000
2,0,730.55,1000017160000
22,1,302.59,1000017160000
13,0,813.22,1000017160000
16,1,209.81,1000017220000
5,3,76.99,1000017220000
13,3,508.49,1000017220000
6,3,251.0,1000017280000
19,3,752.12,1000017280000
1,3,68.81,1000017280000
3,0,478.01,1000017340000
9,3,512.23,1000017340000
12,1,788.6,1000017340000
23,3,383.48,1000017400000
3,1,119.31,1000017400000
20,1,134.55,1000017400000
23,0,729.64,1000017460000
17,0,705.7,1000017460000
14,1,694.59,1000017460000
24,1,473.25,1000017520000
7,3,478.58,1000017520000
10,0,223.67,1000017520000
8,3,234.43,1000017580000
10,2,218.71,1000017580000
16,1,143.9,1000017580000
12,0,155.23,1000017640000
7,3,344.44,1000017640000
10,0,274.99,1000017640000
10,3,712.02,1000017700000
22,0,466.07,1000017700000
8,3,268.95,1000017700000
17,2,280.81,1000017760000
8,0,77.15,1000017760000
11,1,267.65,1000017760000
17,1,795.32,1000017820000
23,3,60.45,1000017820000
17,3,870.96,1000017820000
24,1,419.05,1000017880000
14,0,123.88,1000017880000
13,2,719.07,1000017880000
14,2,337.7,1000017940000
0,2,84.73,1000017940000
0,0,146.09,1000017940000
6,3,21.09,1000018000000
1,2,398.57,1000018000000
12,2,50.77,1000018000000
22,2,34.52,1000018060000
4,0,119.39,1000018060000
2,0,716.72,1000018060000
3,2,72.16,1000018120000
19,1,484.24,1000018120000
23,2,603.34,1000018120000
22,1,601.89,1000018180000
17,3,756.89,1000018180000
5,3,463.47,1000018180000
20,1,603.85,1000018240000
11,3,612.74,1000018240000
22,1,595.95,1000018240000
10,0,745.82,1000018300000
19,1,374.81,1000018300000
8,0,455.07,1000018300000
21,2,572.09,1000018360000
24,1,706.97,1000018360000
1,0,682.14,1000018360000
6,2,64.69,1000018420000
2,1,588.11,1000018420000
19,1,52.79,1000018420000
1,2,494.15,1000018480000
10,1,518.53,1000018480000
17,2,84.8,1000018480000
9,0,841.26,1000018540000
14,3,328.29,1000018540000
2,0,374.77,1000018540000
22,2,100.77,1000018600000
13,2,826.46,1000018600000
3,1,819.83,1000018600000
21,0,504.85,1000018660000
4,0,648.54,1000018660000
22,3,342.25,1000018660000
2,3,893.9,1000018720000
11,0,258.72,1000018720000
9,1,305.41,1000018720000
3,2,727.09,1000018780000
19,3,713.6,1000018780000
13,2,465.97,1000018780000
23,1,638.64,1000018840000
2,0,54.68,1000018840000
20,3,98.21,1000018840000
8,0,376.8,1000018900000
12,1,192.32,1000018900000
2,3,770.34,1000018900000
8,0,112.01,1000018960000
9,0,159.56,1000018960000
14,2,98.97,1000018960000
5,1,477.61,1000019020000
22,1,139.3,1000019020000
0,0,178.4,1000019020000
3,2,805.13,1000019080000
7,1,86.14,1000019080000
18,2,627.98,1000019080000
8,3,650.94,1000019140000
14,2,761.56,1000019140000
13,2,716.33,1000019140000
8,1,233.35,1000019200000
5,1,465.93,1000019200000
21,1,600.1,1000019200000
24,1,368.94,1000019260000
9,1,858.74,1000019260000
20,0,346.41,1000019260000
10,1,680.16,1000019320000
23,1,405.82,1000019320000
3,1,198.41,1000019320000
18,0,555.25,1000019380000
9,2,292.06,1000019380000
22,2,404.12,1000019380000
21,2,766.27,1000019440000
19,3,512.93,1000019440000
9,1,362.92,1000019440000
16,3,702.34,1000019500000
15,2,189.28,1000019500000
1,2,222.15,1000019500000
20,0,827.74,1000019560000
1,0,469.84,1000019560000
20,3,525.82,1000019560000
13,1,499.09,1000019620000
24,0,740.44,1000019620000
14,3,596.05,1000019620000
17,2,462.76,1000019680000
0,3,815.52,1000019680000
23,1,298.27,1000019680000
15,2,769.79,1000019740000
3,2,564.9,1000019740000
8,3,648.15,1000019740000
9,3,439.47,1000019800000
25,2,64.42,1000019800000
6,3,727.81,1000019800000
13,2,42.24,1000019860000
6,3,559.6,1000019860000
13,3,590.49,1000019860000
22,2,879.82,1000019920000
8,3,168.85,1000019920000
0,0,635.3,1000019920000
24,3,869.56,1000019980000
13,2,92.25,1000019980000
21,1,654.68,1000019980000
15,2,143.42,1000020040000
1,0,793.07,1000020040000
25,3,669.17,1000020040000
24,0,821.61,1000020100000
20,1,469.74,1000020100000
11,3,631.87,1000020100000
1,0,114.79,1000020160000
14,2,741.84,1000020160000
23,0,491.32,1000020160000
14,3,874.89,1000020220000
12,2,446.23,1000020220000
0,2,363.12,1000020220000
3,3,323.83,1000020280000
20,2,476.99,1000020280000
12,1,843.86,1000020280000
0,2,617.14,1000020340000
1,0,156.88,1000020340000
15,0,851.26,1000020340000
14,2,326.5,1000020400000
20,3,804.74,1000020400000
21,0,802.78,1000020400000
24,0,255.19,1000020460000
25,3,437.79,1000020460000
0,0,509.28,1000020460000
3,1,98.94,1000020520000
10,0,885.75,1000020520000
10,1,193.23,1000020520000
4,2,524.9,1000020580000
18,1,23.1,1000020580000
2,0,367.35,1000020580000
19,2,861.74,1000020640000
1,1,767.92,1000020640000
13,2,157.8,1000020640000
21,2,874.38,1000020700000
13,1,276.28,1000020700000
4,1,660.35,1000020700000
9,2,652.79,1000020760000
24,3,97.57,1000020760000
13,2,120.69,1000020760000
24,3,472.77,1000020820000
13,1,214.46,1000020820000
0,3,282.36,1000020820000
25,3,616.07,1000020880000
20,0,422.65,1000020880000
2,2,401.96,1000020880000
9,0,481.96,1000020940000
13,2,546.48,1000020940000
0,1,602.68,1000020940000
23,3,500.99,1000021000000
4,1,39.35,1000021000000
17,3,113.72,1000021000000
16,2,248.22,1000021060000
12,1,402.71,1000021060000
17,3,301.33,1000021060000
8,3,609.09,1000021120000
9,2,613.06,1000021120000
0,3,770.26,1000021120000
14,0,642.16,1000021180000
20,0,785.22,1000021180000
9,0,845.8,1000021180000
11,3,786.46,1000021240000
14,2,774.98,1000021240000
7,2,617.79,1000021240000
5,1,179.58,1000021300000
17,0,792.98,1000021300000
20,2,137.71,1000021300000
23,3,195.13,1000021360000
23,3,805.25,1000021360000
18,2,589.72,1000021360000
25,0,88.68,1000021420000
2,2,175.41,1000021420000
25,3,435.64,1000021420000
3,2,412.4,1000021480000
11,2,665.13,1000021480000
4,2,717.17,1000021480000
2,3,699.85,1000021540000
24,0,700.02,1000021540000
8,1,229.89,1000021540000
18,2,152.39,1000021600000
11,1,203.23,1000021600000
4,2,12.55,1000021600000
24,0,713.26,1000021660000
7,0,794.25,1000021660000
12,2,239.91,1000021660000
4,0,676.46,1000021720000
16,3,498.19,1000021720000
25,2,698.41,1000021720000
8,0,7.4,1000021780000
3,3,143.25,1000021780000
23,1,134.65,1000021780000
12,3,768.02,1000021840000
23,1,781.12,1000021840000
8,1,236.68,1000021840000
0,2,669.4,1000021900000
20,3,219.0,1000021900000
17,1,559.55,1000021900000
5,3,620.78,1000021960000
11,2,812.72,1000021960000
6,1,615.49,1000021960000
8,1,136.14,1000022020000
21,3,744.82,1000022020000
13,0,870.32,1000022020000
17,0,792.25,1000022080000
2,3,617.89,1000022080000
15,3,707.14,1000022080000
11,2,543.67,1000022140000
18,2,116.77,1000022140000
24,2,677.24,1000022140000
5,1,174.81,1000022200000
8,3,485.01,1000022200000
15,2,128.63,1000022200000
6,1,446.47,1000022260000
11,1,723.54,1000022260000
11,1,306.44,1000022260000
9,1,586.82,1000022320000
18,1,632.22,1000022320000
14,3,793.38,1000022320000
5,3,375.73,1000022380000
14,0,255.27,1000022380000
11,3,500.72,1000022380000
17,1,64.4,1000022440000
15,3,831.34,1000022440000
7,3,459.45,1000022440000
1,1,172.64,1000022500000
17,0,573.38,1000022500000
23,0,520.02,1000022500000
5,3,831.49,1000022560000
11,3,648.85,1000022560000
21,0,373.46,1000022560000
18,1,117.59,1000022620000
25,2,772.52,1000022620000
0,2,484.68,1000022620000
24,0,261.9,1000022680000
15,0,329.8,1000022680000
10,2,338.49,1000022680000
18,1,213.25,1000022740000
13,0,32.87,1000022740000
12,0,118.63,1000022740000
1,3,417.19,1000022800000
14,0,680.8,1000022800000
25,2,381.65,1000022800000
14,2,755.79,1000022860000
10,3,12.82,1000022860000
14,1,764.72,1000022860000
9,0,458.55,1000022920000
2,1,53.51,1000022920000
4,1,876.1,1000022920000
13,1,146.96,1000022980000
14,0,391.9,1000022980000
22,0,779.83,1000022980000
15,2,38.89,1000023040000
13,3,582.75,1000023040000
12,3,663.71,1000023040000
21,0,444.21,1000023100000
10,2,135.44,1000023100000
7,3,361.44,1000023100000
11,3,157.9,1000023160000
19,3,331.78,1000023160000
8,0,254.11,1000023160000
25,2,592.74,1000023220000
16,1,460.47,1000023220000
23,3,517.05,1000023220000
12,2,141.37,1000023280000
11,1,860.45,1000023280000
0,3,718.36,1000023280000
15,0,88.96,1000023340000
21,3,437.7,1000023340000
14,1,137.31,1000023340000
15,1,412.02,1000023400000
20,2,325.79,1000023400000
14,1,737.5,1000023400000
7,1,218.73,1000023460000
8,1,693.53,1000023460000
17,3,487.36,1000023460000
15,1,54.59,1000023520000
6,1,6.96,1000023520000
8,2,283.15,1000023520000
24,0,655.1,1000023580000
14,2,363.45,1000023580000
18,1,117.05,1000023580000
19,0,860.18,1000023640000
21,2,504.62,1000023640000
8,3,347.49,1000023640000
14,3,726.62,1000023700000
19,0,356.46,1000023700000
2,1,670.19,1000023700000
20,3,581.65,1000023760000
12,1,298.36,1000023760000
22,1,36.74,1000023760000
4,3,47.69,1000023820000
19,2,601.51,1000023820000
6,3,522.87,1000023820000
7,0,409.04,1000023880000
10,0,363.48,1000023880000
12,1,216.87,1000023880000
14,2,577.28,1000023940000
22,2,727.81,1000023940000
5,2,190.75,1000023940000
17,3,606.09,1000024000000
12,1,68.65,1000024000000
23,1,380.7,1000024000000
3,3,432.16,1000024060000
13,0,395.29,1000024060000
13,2,95.55,1000024060000
14,0,879.51,1000024120000
16,1,822.26,1000024120000
22,2,464.65,1000024120000
13,1,351.45,1000024180000
7,0,32.47,1000024180000
12,3,777.66,1000024180000
6,3,526.1,1000024240000
16,1,357.33,1000024240000
7,3,838.47,1000024240000
8,1,717.26,1000024300000
12,3,764.93,1000024300000
13,0,286.04,1000024300000
7,2,294.46,1000024360000
7,3,382.88,1000024360000
22,2,39.93,1000024360000
22,1,535.14,1000024420000
15,1,733.82,1000024420000
21,1,895.33,1000024420000
22,2,540.42,1000024480000
9,1,190.2,1000024480000
6,0,215.7,1000024480000
2,2,675.1,1000024540000
8,2,741.62,1000024540000
21,0,544.4,1000024540000
23,3,160.36,1000024600000
22,1,562.54,1000024600000
22,2,830.9,1000024600000
10,0,40.11,1000024660000
8,0,472.76,1000024660000
2,1,459.04,1000024660000
22,2,273.3,1000024720000
11,0,545.84,1000024720000
22,3,820.67,1000024720000
10,1,801.39,1000024780000
18,2,804.85,1000024780000
5,2,766.65,1000024780000
7,2,354.64,1000024840000
14,1,623.96,1000024840000
7,2,870.14,1000024840000
12,2,474.26,1000024900000
7,0,523.77,1000024900000
16,3,778.32,1000024900000
0,0,864.01,1000024960000
1,2,6.43,1000024960000
24,1,675.14,1000024960000
17,0,707.31,1000025020000
15,0,758.41,1000025020000
18,0,404.39,1000025020000
5,2,464.32,1000025080000
21,3,632.74,1000025080000
18,3,335.37,1000025080000
2,2,64.24,1000025140000
8,0,302.47,1000025140000
2,0,703.01,1000025140000
14,0,5.35,1000025200000
18,3,778.98,1000025200000
2,2,645.69,1000025200000
4,0,410.92,1000025260000
11,2,266.49,1000025260000
13,2,573.79,1000025260000
4,1,413.77,1000025320000
21,1,72.03,1000025320000
12,3,702.14,1000025320000
12,0,190.11,1000025380000
12,2,618.74,1000025380000
15,3,715.51,1000025380000
20,2,442.63,1000025440000
11,0,98.43,1000025440000
16,3,548.48,1000025440000
16,0,634.58,1000025500000
3,1,701.42,1000025500000
11,2,571.39,1000025500000
6,3,887.8,1000025560000
10,2,375.96,1000025560000
17,0,821.57,1000025560000
8,2,760.55,1000025620000
21,0,145.4,1000025620000
4,2,877.71,1000025620000
18,0,548.41,1000025680000
18,2,37.1,1000025680000
13,0,469.44,1000025680000
7,1,744.63,1000025740000
4,3,279.55,1000025740000
15,0,890.9,1000025740000
5,3,640.67,1000025800000
10,3,577.49,1000025800000
5,1,53.2,1000025800000
17,2,770.69,1000025860000
10,0,405.82,1000025860000
0,3,805.56,1000025860000
16,1,868.04,1000025920000
18,1,692.24,1000025920000
21,1,199.33,1000025920000
16,1,77.2,1000025980000
0,0,161.36,1000025980000
2,0,207.08,1000025980000
17,3,412.96,1000026040000
18,0,346.85,1000026040000
15,2,673.2,1000026040000
3,2,8.12,1000026100000
17,1,578.36,1000026100000
5,2,458.39,1000026100000
17,1,612.93,1000026160000
19,1,288.76,1000026160000
23,2,381.06,1000026160000
12,0,249.24,1000026220000
7,0,620.08,1000026220000
14,2,879.99,1000026220000
14,1,75.64,1000026280000
9,0,215.08,1000026280000
2,2,450.96,1000026280000
1,3,334.95,1000026340000
5,1,813.46,1000026340000
11,1,311.06,1000026340000
19,1,148.41,1000026400000
13,2,558.12,1000026400000
12,1,495.61,1000026400000
23,2,165.73,1000026460000
25,1,37.5,1000026460000
16,0,492.06,1000026460000
21,1,11.03,1000026520000
11,2,703.16,1000026520000
15,0,655.05,1000026520000
16,3,55.45,1000026580000
0,0,621.05,1000026580000
20,3,752.59,1000026580000
8,0,141.01,1000026640000
14,3,790.26,1000026640000
19,2,672.24,1000026640000
12,0,764.28,1000026700000
2,1,649.13,1000026700000
20,1,848.04,1000026700000
17,1,39.2,1000026760000
4,2,698.99,1000026760000
19,2,678.92,1000026760000
3,1,790.05,1000026820000
5,1,772.35,1000026820000
8,1,647.93,1000026820000
22,1,394.85,1000026880000
0,1,226.46,1000026880000
4,2,299.23,1000026880000
17,0,703.54,1000026940000
12,1,47.74,1000026940000
1,0,54.7,1000026940000
12,3,369.67,1000027000000
21,2,44.65,1000027000000
24,3,179.66,1000027000000
21,3,47.78,1000027060000
6,3,429.39,1000027060000
9,1,303.82,1000027060000
2,0,775.62,1000027120000
5,2,698.38,1000027120000
0,0,36.21,1000027120000
4,3,102.0,1000027180000
16,0,61.61,1000027180000
7,0,815.2,1000027180000
9,0,523.34,1000027240000
8,0,845.48,1000027240000
8,3,758.87,1000027240000
10,2,839.01,1000027300000
10,1,805.0,1000027300000
4,2,852.23,1000027300000
21,0,594.89,1000027360000
10,1,319.66,1000027360000
1,0,658.06,1000027360000
14,3,271.44,1000027420000
0,1,871.09,1000027420000
1,0,639.12,1000027420000
18,0,306.32,1000027480000
9,3,119.93,1000027480000
25,1,83.02,1000027480000
11,0,449.83,1000027540000
23,1,734.27,1000027540000
17,2,64.62,1000027540000
0,0,681.84,1000027600000
13,0,653.63,1000027600000
22,3,421.77,1000027600000
11,3,390.18,1000027660000
2,3,21.36,1000027660000
20,0,311.96,1000027660000
5,0,516.85,1000027720000
5,1,134.78,1000027720000
22,2,414.98,1000027720000
21,3,37.78,1000027780000
7,0,315.65,1000027780000
19,0,380.4,1000027780000
8,2,770.73,1000027840000
18,2,889.05,1000027840000
25,1,61.95,1000027840000
18,2,861.53,1000027900000
15,2,203.35,1000027900000
10,3,260.82,1000027900000
1,1,540.33,1000027960000
2,1,582.3,1000027960000
21,0,263.18,1000027960000
1,2,535.61,1000028020000
5,0,29.25,1000028020000
9,1,625.84,1000028020000
10,3,408.67,1000028080000
12,3,435.35,1000028080000
11,0,26.85,1000028080000
1,0,294.49,1000028140000
23,3,427.02,1000028140000
1,0,348.4,1000028140000
5,2,65.71,1000028200000
4,2,470.76,1000028200000
11,0,330.98,1000028200000
18,1,426.74,1000028260000
8,1,848.86,1000028260000
20,3,494.83,1000028260000
2,2,500.45,1000028320000
4,1,838.93,1000028320000
19,0,320.02,1000028320000
0,3,205.96,1000028380000
0,2,605.78,1000028380000
22,0,674.97,1000028380000
12,1,719.66,1000028440000
1,0,58.18,1000028440000
1,3,110.38,1000028440000
4,2,672.74,1000028500000
4,1,524.62,1000028500000
11,2,448.05,1000028500000
3,2,578.58,1000028560000
1,2,436.71,1000028560000
10,3,485.11,1000028560000
23,0,444.14,1000028620000
21,1,272.78,1000028620000
12,3,623.49,1000028620000
2,3,402.51,1000028680000
11,1,413.63,1000028680000
16,1,738.47,1000028680000
1,0,210.69,1000028740000
8,3,269.91,1000028740000
6,2,364.63,1000028740000
19,1,341.92,1000028800000
11,1,549.03,1000028800000
10,0,366.2,1000028800000
14,1,325.17,1000028860000
4,3,213.86,1000028860000
15,1,402.54,1000028860000
25,3,134.48,1000028920000
7,3,113.2,1000028920000
7,2,390.09,1000028920000
12,3,230.73,1000028980000
24,1,832.84,1000028980000
4,2,874.06,1000028980000
24,0,41.09,1000029040000
7,1,6.96,1000029040000
25,3,275.91,1000029040000
2,0,805.13,1000029100000
11,0,721.52,1000029100000
19,3,3.08,1000029100000
3,2,509.46,1000029160000
16,3,493.1,1000029160000
4,1,28.78,1000029160000
12,0,24.75,1000029220000
7,0,165.69,1000029220000
6,3,251.52,1000029220000
2,1,362.73,1000029280000
18,0,728.19,1000029280000
15,0,226.81,1000029280000
22,1,530.48,1000029340000
10,3,604.56,1000029340000
19,1,59.57,1000029340000
3,1,877.21,1000029400000
0,2,810.4,1000029400000
16,2,725.7,1000029400000
3,2,180.28,1000029460000
17,0,836.87,1000029460000
19,2,740.34,1000029460000
11,0,435.25,1000029520000
14,1,505.52,1000029520000
7,0,573.71,1000029520000
23,3,627.88,1000029580000
14,0,61.72,1000029580000
9,0,99.54,1000029580000
21,3,489.79,1000029640000
20,0,575.49,1000029640000
6,2,289.15,1000029640000
16,3,723.57,1000029700000
12,2,878.18,1000029700000
3,3,791.75,1000029700000
23,1,218.58,1000029760000
9,3,79.82,1000029760000
17,0,477.47,1000029760000
2,3,413.94,1000029820000
24,2,725.87,1000029820000
12,3,805.36,1000029820000
17,3,402.14,1000029880000
12,0,174.66,1000029880000
24,2,230.13,1000029880000
17,0,466.76,1000029940000
21,3,730.71,1000029940000
20,1,547.13,1000029940000
12,0,508.52,1000030000000
7,0,787.96,1000030000000
19,3,561.33,1000030000000
1,2,862.49,1000030060000
21,1,293.45,1000030060000
6,1,701.0,1000030060000
16,0,722.17,1000030120000
13,0,581.5,1000030120000
3,3,615.81,1000030120000
8,2,770.74,1000030180000
7,0,376.96,1000030180000
7,2,428.77,1000030180000
16,1,66.88,1000030240000
12,1,416.22,1000030240000
0,0,354.79,1000030240000
21,2,842.78,1000030300000
15,1,354.74,1000030300000
9,0,747.04,1000030300000
2,3,625.92,1000030360000
12,3,101.84,1000030360000
12,1,258.7,1000030360000
16,3,510.05,1000030420000
18,3,454.75,1000030420000
8,1,564.28,1000030420000
17,2,109.27,1000030480000
15,0,882.18,1000030480000
10,0,244.69,1000030480000
1,2,214.18,1000030540000
19,3,543.13,1000030540000
1,0,298.56,1000030540000
17,1,304.0,1000030600000
24,0,402.94,1000030600000
14,0,630.13,1000030600000
9,1,265.43,1000030660000
14,2,61.27,1000030660000
5,3,570.23,1000030660000
0,1,705.35,1000030720000
2,0,290.05,1000030720000
10,2,654.96,1000030720000
15,0,206.01,1000030780000
18,3,90.28,1000030780000
13,1,534.04,1000030780000
5,1,133.8,1000030840000
11,2,780.84,1000030840000
14,0,414.59,1000030840000
11,2,454.99,1000030900000
13,0,662.46,1000030900000
9,0,243.42,1000030900000
12,2,807.09,1000030960000
24,3,893.12,1000030960000
24,1,223.39,1000030960000
1,0,780.18,1000031020000
18,0,54.2,1000031020000
23,3,235.68,1000031020000
4,0,229.57,1000031080000
11,2,354.27,1000031080000
2,2,162.86,1000031080000
23,2,762.22,1000031140000
4,0,844.89,1000031140000
7,2,540.3,1000031140000
19,0,665.64,1000031200000
15,2,464.55,1000031200000
0,3,341.84,1000031200000
18,0,241.61,1000031260000
16,1,260.75,1000031260000
25,2,130.1,1000031260000
24,1,213.35,1000031320000
6,3,844.34,1000031320000
16,0,493.37,1000031320000
22,2,354.69,1000031380000
9,0,714.35,1000031380000
23,0,422.89,1000031380000
8,0,430.2,1000031440000
24,1,866.16,1000031440000
8,3,633.31,1000031440000
6,0,534.89,1000031500000
18,3,1.15,1000031500000
23,2,291.32,1000031500000
7,3,428.74,1000031560000
13,1,71.92,1000031560000
23,3,510.71,1000031560000
5,1,262.8,1000031620000
14,2,241.56,1000031620000
5,2,485.6,1000031620000
4,1,250.76,1000031680000
3,2,223.15,1000031680000
5,2,888.96,1000031680000
10,2,133.52,1000031740000
22,2,100.22,1000031740000
9,3,364.64,1000031740000
23,1,577.34,1000031800000
23,1,774.0,1000031800000
23,1,166.98,1000031800000
1,3,585.53,1000031860000
22,3,740.86,1000031860000
21,0,889.96,1000031860000
18,3,23.05,1000031920000
23,1,66.56,1000031920000
5,2,727.29,1000031920000
14,2,205.85,1000031980000
20,0,751.6,1000031980000
21,3,328.77,1000031980000
14,1,144.13,1000032040000
7,1,177.14,1000032040000
1,3,385.59,1000032040000
21,1,808.25,1000032100000
16,0,478.97,1000032100000
8,3,446.07,1000032100000
21,3,524.97,1000032160000
10,1,8.63,1000032160000
7,0,30.61,1000032160000
7,3,880.58,1000032220000
11,0,472.84,1000032220000
15,1,120.51,1000032220000
24,3,114.24,1000032280000
18,0,522.01,1000032280000
9,0,366.04,1000032280000
12,2,800.93,1000032340000
8,1,372.06,1000032340000
24,2,521.54,1000032340000
23,1,525.12,1000032400000
2,3,762.04,1000032400000
10,0,657.48,1000032400000
18,0,171.71,1000032460000
11,3,793.17,1000032460000
0,1,188.81,1000032460000
13,2,325.55,1000032520000
21,2,828.16,1000032520000
13,0,623.88,1000032520000
0,2,136.43,1000032580000
0,1,807.82,1000032580000
13,0,876.02,1000032580000
12,2,586.55,1000032640000
2,0,663.65,1000032640000
21,3,612.81,1000032640000
7,0,262.55,1000032700000
3,2,257.02,1000032700000
6,3,577.15,1000032700000
16,1,800.43,1000032760000
13,1,766.49,1000032760000
18,3,385.73,1000032760000
9,2,507.73,1000032820000
2,2,70.1,1000032820000
20,3,609.25,1000032820000
19,0,855.1,1000032880000
3,3,425.55,1000032880000
9,0,762.74,1000032880000
23,1,7.45,1000032940000
22,2,890.15,1000032940000
5,1,374.23,1000032940000
0,0,655.03,1000033000000
20,1,744.91,1000033000000
3,1,767.41,1000033000000
6,1,711.37,1000033060000
17,0,669.3,1000033060000
19,2,564.55,1000033060000
1,0,553.04,1000033120000
12,0,899.17,1000033120000
14,3,456.96,1000033120000
9,1,192.49,1000033180000
18,0,643.59,1000033180000
19,1,269.18,1000033180000
19,0,632.94,1000033240000
14,0,196.28,1000033240000
6,0,468.81,1000033240000
10,1,631.69,1000033300000
20,0,811.86,1000033300000
20,0,546.23,1000033300000
5,3,378.69,1000033360000
1,3,447.5,1000033360000
18,3,869.88,1000033360000
4,1,119.94,1000033420000
7,0,678.59,1000033420000
15,3,867.9,1000033420000
3,0,441.9,1000033480000
10,0,741.76,1000033480000
9,2,638.52,1000033480000
23,1,410.23,1000033540000
23,1,99.22,1000033540000
22,1,895.7,1000033540000
3,0,199.72,1000033600000
25,1,169.51,1000033600000
3,3,77.63,1000033600000
1,3,810.7,1000033660000
19,3,402.85,1000033660000
0,1,376.69,1000033660000
17,0,624.17,1000033720000
7,2,732.53,1000033720000
20,1,79.51,1000033720000
2,3,68.98,1000033780000
3,1,99.92,1000033780000
3,1,512.63,1000033780000
1,3,749.97,1000033840000
23,0,832.82,1000033840000
24,0,472.55,1000033840000
23,1,28.33,1000033900000
16,1,403.41,1000033900000
25,3,447.32,1000033900000
2,0,822.17,1000033960000
9,0,436.79,1000033960000
5,0,794.73,1000033960000
19,0,290.78,1000034020000
12,0,820.48,1000034020000
20,1,314.16,1000034020000
15,2,578.18,1000034080000
23,0,486.53,1000034080000
8,1,821.31,1000034080000
1,2,439.01,1000034140000
13,3,569.18,1000034140000
0,0,785.64,1000034140000
16,3,502.42,1000034200000
12,3,501.9,1000034200000
3,0,761.97,1000034200000
11,3,803.63,1000034260000
6,0,762.58,1000034260000
12,0,746.41,1000034260000
7,0,485.59,1000034320000
0,0,896.48,1000034320000
7,1,751.45,1000034320000
9,2,474.59,1000034380000
18,2,626.37,1000034380000
8,0,36.74,1000034380000
14,3,785.95,1000034440000
4,1,540.71,1000034440000
9,0,89.37,1000034440000
11,1,209.92,1000034500000
14,0,780.04,1000034500000
0,3,727.18,1000034500000
24,3,184.42,1000034560000
16,2,439.25,1000034560000
10,1,519.25,1000034560000
12,2,543.07,1000034620000
16,1,549.57,1000034620000
25,0,223.17,1000034620000
25,2,82.61,1000034680000
19,0,589.0,1000034680000
23,0,635.89,1000034680000
7,0,839.23,1000034740000
16,3,433.64,1000034740000
15,3,33.48,1000034740000
6,0,238.86,1000034800000
2,0,555.1,1000034800000
2,3,518.83,1000034800000
13,2,68.09,1000034860000
10,1,506.21,1000034860000
6,1,591.45,1000034860000
15,3,149.38,1000034920000
21,1,313.73,1000034920000
10,3,32.37,1000034920000
16,1,797.27,1000034980000
7,0,892.42,1000034980000
22,3,855.5,1000034980000
8,1,528.37,1000035040000
3,0,144.05,1000035040000
12,0,139.38,1000035040000
5,2,651.57,1000035100000
17,3,676.91,1000035100000
9,0,630.72,1000035100000
20,1,284.48,1000035160000
24,1,256.77,1000035160000
12,2,112.41,1000035160000
4,2,776.37,1000035220000
24,0,66.54,1000035220000
0,2,543.05,1000035220000
3,3,131.77,1000035280000
20,0,593.86,1000035280000
9,1,93.2,1000035280000
21,3,887.95,1000035340000
13,1,592.02,1000035340000
7,2,57.84,1000035340000
23,2,730.34,1000035400000
5,3,389.66,1000035400000
13,3,150.62,1000035400000
15,0,771.3,1000035460000
11,0,375.43,1000035460000
6,2,183.35,1000035460000
5,0,252.29,1000035520000
13,1,751.33,1000035520000
25,0,892.71,1000035520000
9,0,693.06,1000035580000
8,1,112.04,1000035580000
20,0,238.96,1000035580000
8,3,370.81,1000035640000
4,2,158.75,1000035640000
8,2,546.6,1000035640000
1,3,869.44,1000035700000
20,1,542.83,1000035700000
10,1,460.43,1000035700000
16,1,657.04,1000035760000
6,2,184.4,1000035760000
16,0,587.34,1000035760000
10,1,591.12,1000035820000
20,3,92.48,1000035820000
14,3,235.57,1000035820000
8,1,4.21,1000035880000
8,3,469.49,1000035880000
14,1,228.44,1000035880000
17,3,136.63,1000035940000
19,3,699.5,1000035940000
8,2,797.0,1000035940000
10,1,62.14,1000036000000
6,0,479.51,1000036000000
16,2,254.27,1000036000000
21,3,135.28,1000036060000
23,3,692.14,1000036060000
16,0,490.06,1000036060000
22,1,82.36,1000036120000
15,0,407.08,1000036120000
13,0,654.14,1000036120000
2,0,292.81,1000036180000
6,2,90.66,1000036180000
6,3,205.65,1000036180000
21,1,837.56,1000036240000
5,1,263.81,1000036240000
20,2,144.68,1000036240000
12,0,17.05,1000036300000
3,3,257.04,1000036300000
11,2,151.61,1000036300000
8,2,868.55,1000036360000
24,0,552.89,1000036360000
25,3,60.0,1000036360000
11,0,420.1,1000036420000
4,3,104.08,1000036420000
12,3,695.51,1000036420000
21,1,704.69,1000036480000
1,0,251.06,1000036480000
16,2,154.46,1000036480000
6,3,110.57,1000036540000
7,1,238.64,1000036540000
17,3,32.54,1000036540000
21,3,352.12,1000036600000
22,0,155.79,1000036600000
2,3,142.6,1000036600000
2,1,255.94,1000036660000
23,2,41.9,1000036660000
16,1,75.21,1000036660000
18,3,130.05,1000036720000
9,1,97.08,1000036720000
24,3,126.27,1000036720000
8,1,254.75,1000036780000
2,3,282.66,1000036780000
19,3,334.59,1000036780000
7,2,128.0,1000036840000
20,2,698.25,1000036840000
13,0,762.63,1000036840000
18,2,334.64,1000036900000
12,0,706.72,1000036900000
13,2,0.09,1000036900000
22,3,671.17,1000036960000
12,1,340.71,1000036960000
15,3,874.39,1000036960000
20,2,115.43,1000037020000
16,3,355.59,1000037020000
4,2,172.06,1000037020000
20,2,308.01,1000037080000
10,3,763.35,1000037080000
9,3,7.81,1000037080000
23,2,604.84,1000037140000
21,1,886.09,1000037140000
12,1,406.99,1000037140000
9,0,459.87,1000037200000
15,1,204.05,1000037200000
5,2,580.82,1000037200000
16,0,846.47,1000037260000
12,0,277.93,1000037260000
24,1,867.3,1000037260000
6,3,134.36,1000037320000
0,2,711.53,1000037320000
13,1,285.83,1000037320000
13,1,863.94,1000037380000
15,0,166.88,1000037380000
1,1,884.93,1000037380000
16,1,844.96,1000037440000
1,0,45.89,1000037440000
18,0,780.06,1000037440000
3,0,331.34,1000037500000
23,2,692.89,1000037500000
21,0,33.45,1000037500000
2,2,477.87,1000037560000
14,1,462.36,1000037560000
10,0,445.26,1000037560000
25,2,400.42,1000037620000
15,1,720.51,1000037620000
20,3,895.46,1000037620000
17,1,316.71,1000037680000
1,1,650.09,1000037680000
1,3,354.32,1000037680000
9,3,559.6,1000037740000
22,3,892.36,1000037740000
7,0,875.31,1000037740000
22,0,146.69,1000037800000
7,0,504.68,1000037800000
16,3,208.82,1000037800000
9,0,69.44,1000037860000
18,1,201.12,1000037860000
24,0,339.43,1000037860000
12,2,0.44,1000037920000
21,1,59.38,1000037920000
21,3,686.12,1000037920000
25,1,795.87,1000037980000
1,1,360.69,1000037980000
21,1,732.73,1000037980000
21,3,788.16,1000038040000
11,2,652.68,1000038040000
22,2,258.71,1000038040000
4,2,459.08,1000038100000
16,3,298.62,1000038100000
6,1,590.87,1000038100000
24,3,548.45,1000038160000
5,3,193.54,1000038160000
2,1,899.48,1000038160000
20,3,461.05,1000038220000
14,1,889.2,1000038220000
16,2,100.31,1000038220000
25,3,846.93,1000038280000
7,0,509.4,1000038280000
6,0,174.43,1000038280000
5,1,6.02,1000038340000
14,0,210.55,1000038340000
10,1,344.52,1000038340000
13,2,272.77,1000038400000
6,2,566.28,1000038400000
24,1,298.4,1000038400000
7,1,540.58,1000038460000
18,3,423.54,1000038460000
6,0,684.26,1000038460000
16,2,195.34,1000038520000
6,0,535.74,1000038520000
20,0,3.34,1000038520000
23,0,346.51,1000038580000
12,3,500.29,1000038580000
22,1,433.83,1000038580000
6,0,712.82,1000038640000
25,3,749.65,1000038640000
22,1,116.84,1000038640000
7,1,821.35,1000038700000
8,1,494.19,1000038700000
20,3,71.01,1000038700000
17,2,196.63,1000038760000
9,0,168.42,1000038760000
9,2,78.04,1000038760000
18,2,568.03,1000038820000
3,3,577.21,1000038820000
14,1,56.95,1000038820000
8,3,351.69,1000038880000
5,0,876.24,1000038880000
19,1,845.93,1000038880000
0,0,76.38,1000038940000
22,3,424.11,1000038940000
21,1,734.14,1000038940000
21,1,360.85,1000039000000
21,1,414.29,1000039000000
21,3,44.41,1000039000000
1,3,289.21,1000039060000
23,1,470.43,1000039060000
8,1,498.98,1000039060000
1,0,264.65,1000039120000
10,0,492.28,1000039120000
5,3,491.69,1000039120000
23,2,486.21,1000039180000
3,0,367.91,1000039180000
0,1,136.54,1000039180000
9,1,197.19,1000039240000
8,1,455.5,1000039240000
18,2,723.96,1000039240000
23,3,213.28,1000039300000
18,2,415.3,1000039300000
0,0,509.29,1000039300000
17,3,500.82,1000039360000
3,2,427.94,1000039360000
11,1,879.58,1000039360000
7,1,793.0,1000039420000
13,2,582.1,1000039420000
13,3,246.14,1000039420000
8,2,785.57,1000039480000
11,3,295.56,1000039480000
6,0,495.66,1000039480000
15,2,370.21,1000039540000
11,2,17.87,1000039540000
23,1,146.39,1000039540000
16,0,371.25,1000039600000
13,1,345.32,1000039600000
11,2,306.12,1000039600000
19,1,55.19,1000039660000
2,2,357.67,1000039660000
11,2,340.7,1000039660000
22,2,493.03,1000039720000
21,1,734.98,1000039720000
7,2,481.75,1000039720000
13,3,721.0,1000039780000
18,1,851.06,1000039780000
17,1,367.83,1000039780000
14,1,346.3,1000039840000
17,0,267.78,1000039840000
0,0,898.97,1000039840000
11,0,894.41,1000039900000
8,1,585.51,1000039900000
15,1,464.44,1000039900000
3,0,104.37,1000039960000
24,3,394.68,1000039960000
23,0,872.52,1000039960000
23,0,541.31,1000040020000
21,1,743.43,1000040020000
3,2,603.37,1000040020000
15,2,883.3,1000040080000
5,1,4.1,1000040080000
8,1,467.85,1000040080000
17,2,268.45,1000040140000
18,2,727.74,1000040140000
9,3,488.51,1000040140000
17,1,440.75,1000040200000
12,0,28.46,1000040200000
11,1,163.5,1000040200000
13,1,451.04,1000040260000
6,1,415.16,1000040260000
17,1,882.38,1000040260000
15,2,258.16,1000040320000
17,1,127.02,1000040320000
17,1,152.44,1000040320000
13,3,0.43,1000040380000
18,3,423.97,1000040380000
24,0,467.82,1000040380000
9,1,441.94,1000040440000
3,0,753.03,1000040440000
19,2,434.72,1000040440000
16,2,833.63,1000040500000
13,3,773.59,1000040500000
0,0,60.55,1000040500000
20,1,19.19,1000040560000
18,0,22.63,1000040560000
14,3,637.31,1000040560000
21,3,686.68,1000040620000
6,0,646.56,1000040620000
12,2,252.69,1000040620000
3,2,174.93,1000040680000
13,2,391.35,1000040680000
13,0,668.3,1000040680000
25,3,132.78,1000040740000
4,1,748.16,1000040740000
20,3,544.69,1000040740000
8,0,155.44,1000040800000
21,0,795.74,1000040800000
7,3,260.97,1000040800000
4,2,76.66,1000040860000
16,0,82.35,1000040860000
18,0,215.02,1000040860000
11,0,793.06,1000040920000
13,3,516.05,1000040920000
8,1,143.42,1000040920000
2,3,269.11,1000040980000
12,1,159.36,1000040980000
9,1,109.32,1000040980000
12,2,832.04,1000041040000
22,1,417.6,1000041040000
2,1,571.89,1000041040000
8,3,760.89,1000041100000
10,3,699.22,1000041100000
10,3,711.77,1000041100000
8,3,886.57,1000041160000
18,1,357.7,1000041160000
4,3,890.38,1000041160000
5,1,639.82,1000041220000
12,3,754.36,1000041220000
16,1,442.64,1000041220000
14,0,580.93,1000041280000
6,1,750.49,1000041280000
0,1,606.92,1000041280000
6,0,232.05,1000041340000
24,0,648.91,1000041340000
16,3,58.34,1000041340000
24,3,57.13,1000041400000
5,1,92.74,1000041400000
24,2,520.84,1000041400000
9,0,805.88,1000041460000
4,2,35.79,1000041460000
2,3,198.16,1000041460000
20,2,795.37,1000041520000
22,3,859.76,1000041520000
19,1,57.65,1000041520000
22,2,241.11,1000041580000
12,1,633.48,1000041580000
8,2,878.22,1000041580000
8,2,490.46,1000041640000
7,3,282.31,1000041640000
18,3,673.65,1000041640000
13,2,376.43,1000041700000
13,0,693.95,1000041700000
7,2,899.71,1000041700000
12,2,181.73,1000041760000
1,1,207.91,1000041760000
2,0,808.11,1000041760000
22,0,804.27,1000041820000
4,3,593.56,1000041820000
5,1,867.0,1000041820000
23,2,156.47,1000041880000
12,1,671.8,1000041880000
4,1,671.76,1000041880000
17,2,171.91,1000041940000
16,2,4.05,1000041940000
1,1,408.12,1000041940000
22,2,467.85,1000042000000
8,1,546.89,1000042000000
10,1,292.5,1000042000000
16,3,58.92,1000042060000
5,0,165.16,1000042060000
6,2,483.72,1000042060000
3,0,709.92,1000042120000
12,3,645.27,1000042120000
5,2,700.22,1000042120000
22,1,10.45,1000042180000
11,2,528.41,1000042180000
11,2,415.98,1000042180000
13,1,74.88,1000042240000
0,0,246.78,1000042240000
6,3,126.91,1000042240000
4,0,622.1,1000042300000
2,1,410.43,1000042300000
8,0,34.47,1000042300000
2,3,140.15,1000042360000
20,1,353.23,1000042360000
5,3,882.86,1000042360000
24,1,562.38,1000042420000
5,3,92.23,1000042420000
24,1,413.14,1000042420000
3,3,116.85,1000042480000
20,3,349.22,1000042480000
9,0,23.44,1000042480000
17,3,745.29,1000042540000
0,3,631.99,1000042540000
5,3,578.0,1000042540000
13,1,233.45,1000042600000
0,2,431.8,1000042600000
6,1,333.79,1000042600000
18,1,739.81,1000042660000
18,1,292.36,1000042660000
14,1,167.04,1000042660000
18,0,855.99,1000042720000
16,1,78.4,1000042720000
25,2,475.16,1000042720000
15,1,427.72,1000042780000
4,2,507.29,1000042780000
19,2,536.82,1000042780000
0,0,346.75,1000042840000
6,3,326.45,1000042840000
10,2,867.71,1000042840000
25,1,49.1,1000042900000
22,1,808.54,1000042900000
22,3,704.4,1000042900000
21,3,674.33,1000042960000
20,3,447.05,1000042960000
7,3,244.75,1000042960000
17,1,693.62,1000043020000
18,0,573.91,1000043020000
22,2,234.58,1000043020000
23,1,505.05,1000043080000
18,3,475.34,1000043080000
9,3,138.43,1000043080000
0,1,2.29,1000043140000
2,2,650.88,1000043140000
14,1,433.83,1000043140000
24,1,439.47,1000043200000
19,1,482.56,1000043200000
9,0,564.88,1000043200000
5,3,474.43,1000043260000
22,3,661.91,1000043260000
12,0,497.57,1000043260000
22,2,50.98,1000043320000
25,2,558.57,1000043320000
21,2,788.25,1000043320000
5,3,445.17,1000043380000
5,1,103.26,1000043380000
11,2,144.22,1000043380000
8,3,212.8,1000043440000
8,2,833.28,1000043440000
22,0,588.46,1000043440000
22,1,427.37,1000043500000
14,2,514.14,1000043500000
20,3,40.15,1000043500000
7,3,750.12,1000043560000
17,3,559.52,1000043560000
1,1,806.54,1000043560000
2,0,809.44,1000043620000
22,0,563.13,1000043620000
24,1,371.86,1000043620000
14,2,580.55,1000043680000
7,0,507.23,1000043680000
25,1,42.68,1000043680000
16,2,855.22,1000043740000
9,3,681.0,1000043740000
24,1,779.87,1000043740000
14,1,878.92,1000043800000
23,1,720.11,1000043800000
16,0,106.17,1000043800000
17,1,876.1,1000043860000
0,0,483.4,1000043860000
7,2,689.64,1000043860000
6,2,263.62,1000043920000
1,0,44.51,1000043920000
6,3,667.19,1000043920000
1,2,739.49,1000043980000
8,1,488.17,1000043980000
0,2,600.06,1000043980000
6,1,171.23,1000044040000
7,0,610.26,1000044040000
2,0,614.66,1000044040000
6,2,487.53,1000044100000
15,3,85.8,1000044100000
12,2,326.0,1000044100000
14,2,831.61,1000044160000
15,1,62.44,1000044160000
8,2,142.74,1000044160000
11,0,144.08,1000044220000
11,1,585.5,1000044220000
18,2,635.36,1000044220000
17,2,435.51,1000044280000
7,1,503.41,1000044280000
4,0,829.26,1000044280000
11,1,691.68,1000044340000
20,2,863.37,1000044340000
18,2,468.75,1000044340000
5,2,817.72,1000044400000
6,2,455.15,1000044400000
7,1,547.47,1000044400000
20,0,801.6,1000044460000
25,2,174.06,1000044460000
8,0,593.34,1000044460000
23,3,227.03,1000044520000
18,0,443.55,1000044520000
1,1,894.82,1000044520000
11,2,285.53,1000044580000
13,0,228.38,1000044580000
24,2,731.83,1000044580000
22,0,159.75,1000044640000
20,2,586.03,1000044640000
10,1,384.99,1000044640000
15,0,449.54,1000044700000
3,2,870.0,1000044700000
0,0,45.62,1000044700000
22,1,313.58,1000044760000
5,1,395.72,1000044760000
21,1,143.05,1000044760000
21,0,828.99,1000044820000
2,0,58.26,1000044820000
15,2,239.28,1000044820000
8,3,881.61,1000044880000
6,1,346.83,1000044880000
12,2,37.47,1000044880000
3,3,191.57,1000044940000
20,2,554.19,1000044940000
4,2,231.9,1000044940000
15,0,782.71,1000045000000
20,3,857.65,1000045000000
23,2,220.57,1000045000000
0,3,174.21,1000045060000
2,3,180.67,1000045060000
12,0,596.86,1000045060000
0,2,756.93,1000045120000
11,2,786.51,1000045120000
18,0,703.87,1000045120000
17,0,133.06,1000045180000
6,2,836.41,1000045180000
9,2,819.02,1000045180000
24,0,38.41,1000045240000
21,0,330.04,1000045240000
5,1,478.66,1000045240000
8,1,2.45,1000045300000
13,1,880.38,1000045300000
25,0,276.88,1000045300000
13,0,427.61,1000045360000
14,0,365.43,1000045360000
19,3,666.14,1000045360000
1,2,159.81,1000045420000
21,3,510.81,1000045420000
11,0,293.14,1000045420000
1,2,793.94,1000045480000
17,1,187.78,1000045480000
13,0,826.33,1000045480000
24,1,135.94,1000045540000
3,1,25.19,1000045540000
3,2,91.61,1000045540000
3,1,469.19,1000045600000
2,2,731.59,1000045600000
15,0,596.97,1000045600000
15,1,179.94,1000045660000
20,1,768.69,1000045660000
0,3,875.14,1000045660000
5,1,116.62,1000045720000
21,3,465.63,1000045720000
10,1,328.53,1000045720000
22,0,324.32,1000045780000
4,1,146.44,1000045780000
3,3,353.87,1000045780000
14,3,71.36,1000045840000
21,1,397.92,1000045840000
14,2,279.83,1000045840000
8,1,169.72,1000045900000
11,2,734.59,1000045900000
8,0,650.15,1000045900000
20,0,434.69,1000045960000
18,3,442.62,1000045960000
21,0,452.84,1000045960000
25,3,3.27,1000046020000
21,0,114.35,1000046020000
24,1,241.61,1000046020000
5,3,691.57,1000046080000
1,3,506.93,1000046080000
15,1,717.39,1000046080000
15,1,719.3,1000046140000
10,1,212.51,1000046140000
6,0,671.65,1000046140000
23,2,740.86,1000046200000
6,0,509.97,1000046200000
1,3,445.64,1000046200000
15,0,173.73,1000046260000
20,0,268.09,1000046260000
19,2,332.8,1000046260000
23,0,757.93,1000046320000
7,0,238.26,1000046320000
3,3,602.9,1000046320000
20,0,563.95,1000046380000
2,1,67.33,1000046380000
23,0,127.31,1000046380000
11,0,412.07,1000046440000
11,2,664.37,1000046440000
17,3,23.82,1000046440000
17,0,660.47,1000046500000
0,3,388.95,1000046500000
17,3,229.11,1000046500000
1,3,232.18,1000046560000
15,1,481.38,1000046560000
11,2,794.83,1000046560000
14,3,475.42,1000046620000
8,2,195.59,1000046620000
25,2,252.64,1000046620000
25,2,593.19,1000046680000
16,3,209.66,1000046680000
4,1,36.08,1000046680000
14,1,502.19,1000046740000
25,2,489.29,1000046740000
7,1,326.22,1000046740000
4,1,692.94,1000046800000
3,1,24.69,1000046800000
21,1,390.35,1000046800000
4,1,94.72,1000046860000
19,1,344.0,1000046860000
7,0,406.98,1000046860000
9,1,509.01,1000046920000
0,1,334.54,1000046920000
19,2,719.53,1000046920000
4,1,457.17,1000046980000
13,3,890.02,1000046980000
6,1,232.86,1000046980000
2,3,213.11,1000047040000
5,2,800.8,1000047040000
21,0,540.36,1000047040000
16,1,709.34,1000047100000
17,1,258.25,1000047100000
18,1,674.86,1000047100000
12,2,711.78,1000047160000
20,3,603.04,1000047160000
20,3,517.68,1000047160000
3,2,899.86,1000047220000
24,3,544.45,1000047220000
10,1,150.0,1000047220000
25,2,858.02,1000047280000
2,3,151.41,1000047280000
17,1,587.5,1000047280000
23,0,3.4,1000047340000
13,2,433.15,1000047340000
5,3,276.82,1000047340000
18,3,279.24,1000047400000
3,0,748.55,1000047400000
13,0,582.18,1000047400000
6,3,405.96,1000047460000
1,3,304.97,1000047460000
12,2,534.12,1000047460000
10,3,303.62,1000047520000
12,3,552.87,1000047520000
4,2,750.71,1000047520000
15,1,285.86,1000047580000
0,2,245.29,1000047580000
8,0,586.3,1000047580000
17,1,697.33,1000047640000
21,2,272.27,1000047640000
22,0,529.89,1000047640000
2,2,748.8,1000047700000
12,3,195.38,1000047700000
22,3,702.9,1000047700000
4,1,853.95,1000047760000
10,0,405.12,1000047760000
1,0,789.29,1000047760000
18,0,3.26,1000047820000
22,3,887.26,1000047820000
22,3,450.81,1000047820000
8,2,2.11,1000047880000
3,3,167.82,1000047880000
1,2,688.36,1000047880000
19,3,167.21,1000047940000
17,0,323.42,1000047940000
15,1,235.75,1000047940000
16,3,843.23,1000048000000
12,3,607.58,1000048000000
1,3,564.91,1000048000000
4,3,243.21,1000048060000
15,2,849.57,1000048060000
9,1,781.6,1000048060000
3,3,397.9,1000048120000
2,3,307.86,1000048120000
8,0,650.8,1000048120000
22,1,680.91,1000048180000
24,1,20.44,1000048180000
0,0,333.68,1000048180000
24,3,896.16,1000048240000
12,3,806.49,1000048240000
6,1,464.61,1000048240000
13,3,287.69,1000048300000
0,0,210.94,1000048300000
5,2,54.24,1000048300000
23,0,675.13,1000048360000
8,1,286.34,1000048360000
10,1,560.41,1000048360000
12,3,57.53,1000048420000
6,2,213.08,1000048420000
19,2,445.27,1000048420000
13,0,155.1,1000048480000
5,2,456.41,1000048480000
18,2,456.7,1000048480000
10,3,122.76,1000048540000
20,1,525.84,1000048540000
21,0,318.87,1000048540000
25,0,144.96,1000048600000
10,2,862.27,1000048600000
2,3,158.04,1000048600000
13,3,894.75,1000048660000
0,3,188.2,1000048660000
0,2,624.76,1000048660000
13,1,724.88,1000048720000
13,1,352.34,1000048720000
25,0,780.28,1000048720000
19,1,795.58,1000048780000
14,2,71.35,1000048780000
14,2,186.84,1000048780000
19,1,235.44,1000048840000
2,0,556.84,1000048840000
3,3,708.4,1000048840000
22,2,642.83,1000048900000
9,2,642.66,1000048900000
24,0,782.21,1000048900000
1,2,654.93,1000048960000
4,2,682.62,1000048960000
20,2,32.7,1000048960000
0,1,799.68,1000049020000
6,2,629.4,1000049020000
8,1,326.55,1000049020000
5,2,315.97,1000049080000
17,1,394.19,1000049080000
0,1,890.82,1000049080000
16,2,692.43,1000049140000
7,3,508.5,1000049140000
1,3,359.48,1000049140000
22,3,100.51,1000049200000
9,2,22.75,1000049200000
0,2,330.38,1000049200000
0,0,272.86,1000049260000
3,2,338.13,1000049260000
24,1,448.92,1000049260000
23,3,762.16,1000049320000
14,0,780.94,1000049320000
14,3,497.06,1000049320000
17,2,21.23,1000049380000
1,2,433.11,1000049380000
0,2,116.42,1000049380000
3,3,463.14,1000049440000
7,0,537.79,1000049440000
3,2,407.72,1000049440000
22,1,779.87,1000049500000
12,0,268.26,1000049500000
19,2,296.75,1000049500000
25,1,354.58,1000049560000
17,0,652.36,1000049560000
19,3,164.12,1000049560000
23,0,183.0,1000049620000
20,0,650.18,1000049620000
12,1,78.65,1000049620000
2,0,842.96,1000049680000
5,3,351.75,1000049680000
4,1,433.75,1000049680000
25,3,366.38,1000049740000
3,0,678.49,1000049740000
2,1,14.15,1000049740000
15,2,251.98,1000049800000
2,3,278.68,1000049800000
16,3,101.64,1000049800000
21,0,547.31,1000049860000
21,3,553.76,1000049860000
11,3,677.9,1000049860000
7,3,228.87,1000049920000
25,2,227.83,1000049920000
20,0,780.42,1000049920000
9,1,645.03,1000049980000
0,3,669.37,1000049980000
22,2,378.21,1000049980000
23,1,815.41,1000050040000
25,2,131.97,1000050040000
19,1,547.17,1000050040000
5,2,856.93,1000050100000
23,0,742.29,1000050100000
3,1,478.16,1000050100000
3,1,747.7,1000050160000
13,1,500.24,1000050160000
10,2,100.54,1000050160000
13,3,113.66,1000050220000
24,3,802.4,1000050220000
22,2,723.1,1000050220000
9,3,672.54,1000050280000
22,2,20.1,1000050280000
23,3,103.37,1000050280000
10,2,617.81,1000050340000
15,2,542.77,1000050340000
19,3,6.19,1000050340000
3,2,110.12,1000050400000
1,1,196.8,1000050400000
1,1,167.67,1000050400000
18,3,28.29,1000050460000
7,1,621.07,1000050460000
17,3,643.75,1000050460000
23,2,469.57,1000050520000
12,2,807.2,1000050520000
5,2,657.65,1000050520000
4,1,177.97,1000050580000
15,2,469.66,1000050580000
13,1,820.34,1000050580000
19,3,260.68,1000050640000
20,3,212.95,1000050640000
1,3,413.49,1000050640000
1,0,882.59,1000050700000
2,3,308.84,1000050700000
11,1,869.88,1000050700000
6,0,407.07,1000050760000
10,0,391.57,1000050760000
12,3,17.88,1000050760000
17,3,260.53,1000050820000
13,0,229.52,1000050820000
20,0,157.95,1000050820000
12,1,260.69,1000050880000
6,0,108.94,1000050880000
20,2,793.46,1000050880000
21,2,344.74,1000050940000
17,3,10.56,1000050940000
23,3,253.59,1000050940000
10,0,836.44,1000051000000
0,0,488.9,1000051000000
20,3,766.35,1000051000000
4,2,315.26,1000051060000
17,2,541.6,1000051060000
15,2,183.53,1000051060000
9,1,435.11,1000051120000
18,3,814.62,1000051120000
22,2,623.56,1000051120000
7,0,269.04,1000051180000
20,2,442.74,1000051180000
18,2,125.25,1000051180000
7,1,441.4,1000051240000
1,3,749.8,1000051240000
20,3,445.95,1000051240000
7,0,100.55,1000051300000
11,1,578.03,1000051300000
13,2,60.7,1000051300000
11,3,791.28,1000051360000
3,3,468.08,1000051360000
15,2,814.1,1000051360000
12,1,7.79,1000051420000
20,1,253.11,1000051420000
22,2,492.79,1000051420000
20,0,201.96,1000051480000
5,0,124.28,1000051480000
13,3,378.89,1000051480000
12,1,183.17,1000051540000
22,0,725.4,1000051540000
7,3,289.34,1000051540000
3,2,569.3,1000051600000
21,0,60.53,1000051600000
2,1,140.65,1000051600000
16,3,777.91,1000051660000
2,3,515.6,1000051660000
13,1,261.48,1000051660000
15,3,896.77,1000051720000
4,0,330.65,1000051720000
18,2,793.41,1000051720000
11,0,429.93,1000051780000
22,3,741.52,1000051780000
19,2,32.61,1000051780000
12,0,164.91,1000051840000
8,0,429.51,1000051840000
19,2,411.88,1000051840000
17,0,794.13,1000051900000
23,3,33.89,1000051900000
7,3,668.87,1000051900000
9,1,200.91,1000051960000
5,2,641.16,1000051960000
14,2,448.03,1000051960000
16,3,281.38,1000052020000
6,0,284.72,1000052020000
19,3,69.57,1000052020000
10,2,350.6,1000052080000
9,0,5.35,1000052080000
23,1,165.88,1000052080000
8,1,624.71,1000052140000
8,0,64.52,1000052140000
7,2,663.37,1000052140000
4,1,143.38,1000052200000
5,1,367.22,1000052200000
0,1,381.92,1000052200000
11,2,826.33,1000052260000
1,0,398.51,1000052260000
12,0,468.11,1000052260000
21,1,158.54,1000052320000
7,2,785.26,1000052320000
10,2,828.07,1000052320000
18,1,857.38,1000052380000
13,0,579.73,1000052380000
22,1,305.39,1000052380000
15,0,35.18,1000052440000
15,0,590.79,1000052440000
21,0,360.83,1000052440000
16,0,103.41,1000052500000
9,3,479.97,1000052500000
23,1,7.62,1000052500000
1,3,894.64,1000052560000
20,0,835.64,1000052560000
13,1,807.7,1000052560000
22,1,494.13,1000052620000
12,3,896.62,1000052620000
13,0,830.16,1000052620000
16,2,136.24,1000052680000
18,0,54.93,1000052680000
25,3,738.11,1000052680000
8,1,26.94,1000052740000
6,2,226.71,1000052740000
18,2,335.09,1000052740000
17,1,24.58,1000052800000
4,3,249.07,1000052800000
25,2,490.62,1000052800000
14,0,497.07,1000052860000
5,2,0.38,1000052860000
20,1,27.79,1000052860000
9,0,21.6,1000052920000
12,3,88.34,1000052920000
1,2,761.68,1000052920000
17,1,481.53,1000052980000
8,1,169.35,1000052980000
16,0,810.28,1000052980000
6,2,193.21,1000053040000
1,3,238.92,1000053040000
22,1,519.65,1000053040000
25,2,578.29,1000053100000
23,1,237.35,1000053100000
14,2,839.5,1000053100000
11,0,67.49,1000053160000
0,0,115.05,1000053160000
11,1,862.73,1000053160000
14,1,271.4,1000053220000
17,1,24.53,1000053220000
23,1,219.08,1000053220000
20,3,577.65,1000053280000
8,0,845.95,1000053280000
8,2,216.86,1000053280000
0,0,678.52,1000053340000
3,1,813.39,1000053340000
11,1,270.74,1000053340000
22,1,108.45,1000053400000
0,1,23.0,1000053400000
4,3,426.57,1000053400000
9,0,621.98,1000053460000
14,3,112.88,1000053460000
8,0,485.89,1000053460000
20,3,477.2,1000053520000
9,2,539.99,1000053520000
23,1,49.05,1000053520000
17,3,47.47,1000053580000
22,3,219.88,1000053580000
17,1,865.67,1000053580000
1,1,109.89,1000053640000
11,3,441.31,1000053640000
7,1,292.96,1000053640000
25,3,463.78,1000053700000
25,2,349.74,1000053700000
11,3,469.65,1000053700000
17,1,248.97,1000053760000
14,3,496.58,1000053760000
18,0,184.84,1000053760000
17,1,400.9,1000053820000
12,3,392.61,1000053820000
11,0,664.52,1000053820000
11,1,249.73,1000053880000
24,1,880.07,1000053880000
19,3,516.84,1000053880000
17,3,495.24,1000053940000
11,0,493.28,1000053940000
6,0,64.28,1000053940000
11,0,532.34,1000054000000
5,3,153.98,1000054000000
23,2,122.74,1000054000000
18,0,629.45,1000054060000
1,2,52.08,1000054060000
10,0,708.59,1000054060000
13,3,165.89,1000054120000
19,3,41.74,1000054120000
20,0,449.72,1000054120000
6,1,216.2,1000054180000
7,1,586.76,1000054180000
15,0,126.8,1000054180000
4,0,185.18,1000054240000
2,1,51.35,1000054240000
10,0,337.19,1000054240000
12,0,362.48,1000054300000
25,0,99.92,1000054300000
7,2,176.41,1000054300000
20,2,191.89,1000054360000
18,3,629.51,1000054360000
23,2,485.41,1000054360000
25,0,260.46,1000054420000
20,1,825.61,1000054420000
13,1,50.64,1000054420000
25,3,339.44,1000054480000
3,3,845.96,1000054480000
6,2,212.37,1000054480000
15,3,824.53,1000054540000
19,0,790.84,1000054540000
25,0,751.27,1000054540000
14,2,31.59,1000054600000
1,2,859.09,1000054600000
15,3,532.49,1000054600000
3,0,781.01,1000054660000
16,1,247.7,1000054660000
7,1,896.78,1000054660000
2,3,401.57,1000054720000
22,1,589.75,1000054720000
18,0,62.22,1000054720000
20,0,68.76,1000054780000
4,2,205.9,1000054780000
24,3,4.37,1000054780000
3,2,437.01,1000054840000
13,3,656.34,1000054840000
4,2,181.43,1000054840000
4,3,140.51,1000054900000
15,3,382.65,1000054900000
10,0,235.42,1000054900000
20,1,343.23,1000054960000
13,3,578.8,1000054960000
13,1,486.53,1000054960000
14,2,721.12,1000055020000
17,0,445.38,1000055020000
20,3,67.59,1000055020000
20,1,726.58,1000055080000
17,3,320.5,1000055080000
14,0,307.73,1000055080000
6,2,784.58,1000055140000
5,0,379.13,1000055140000
20,3,482.67,1000055140000
3,3,338.63,1000055200000
7,1,402.56,1000055200000
20,3,432.44,1000055200000
11,3,877.99,1000055260000
3,1,662.98,1000055260000
23,1,249.03,1000055260000
14,1,137.02,1000055320000
1,1,319.22,1000055320000
23,2,328.95,1000055320000
19,1,597.54,1000055380000
12,0,218.87,1000055380000
15,0,754.45,1000055380000
16,0,116.57,1000055440000
19,2,820.14,1000055440000
9,2,578.8,1000055440000
15,3,375.89,1000055500000
13,1,182.03,1000055500000
21,0,251.91,1000055500000
15,1,491.15,1000055560000
7,2,541.39,1000055560000
6,3,543.26,1000055560000
4,2,159.81,1000055620000
22,3,333.54,1000055620000
5,0,2.54,1000055620000
25,2,623.73,1000055680000
18,0,263.29,1000055680000
1,3,334.45,1000055680000
12,1,346.36,1000055740000
25,3,290.6,1000055740000
14,1,191.32,1000055740000
11,2,466.87,1000055800000
13,3,836.08,1000055800000
9,3,309.47,1000055800000
3,0,444.54,1000055860000
14,3,296.66,1000055860000
16,2,100.3,1000055860000
20,3,874.02,1000055920000
5,0,761.59,1000055920000
22,0,723.14,1000055920000
2,1,479.24,1000055980000
19,1,303.13,1000055980000
4,1,735.04,1000055980000
12,0,506.39,1000056040000
22,2,605.66,1000056040000
7,1,716.87,1000056040000
24,3,161.04,1000056100000
24,3,795.35,1000056100000
25,3,883.45,1000056100000
1,1,407.63,1000056160000
21,2,246.29,1000056160000
8,0,442.95,1000056160000
11,3,700.98,1000056220000
10,3,821.14,1000056220000
23,2,263.89,1000056220000
15,0,297.66,1000056280000
22,0,599.57,1000056280000
0,3,345.93,1000056280000
14,2,418.53,1000056340000
4,0,278.35,1000056340000
11,0,43.43,1000056340000
15,2,74.61,1000056400000
7,1,147.49,1000056400000
15,1,527.62,1000056400000
0,3,303.08,1000056460000
13,0,378.8,1000056460000
0,2,848.95,1000056460000
3,1,76.5,1000056520000
25,0,711.6,1000056520000
6,1,465.65,1000056520000
23,3,563.74,1000056580000
25,2,43.29,1000056580000
0,0,565.08,1000056580000
19,0,810.93,1000056640000
1,1,424.42,1000056640000
12,2,327.26,1000056640000
22,0,78.09,1000056700000
6,3,362.67,1000056700000
22,3,804.77,1000056700000
4,0,251.77,1000056760000
16,0,63.55,1000056760000
2,1,712.34,1000056760000
11,2,391.52,1000056820000
16,0,638.45,1000056820000
23,2,120.46,1000056820000
18,0,637.04,1000056880000
9,2,91.85,1000056880000
14,1,681.41,1000056880000
19,0,216.25,1000056940000
5,2,23.89,1000056940000
25,0,779.37,1000056940000
4,3,485.37,1000057000000
7,1,849.7,1000057000000
1,0,248.32,1000057000000
12,2,77.89,1000057060000
17,0,761.82,1000057060000
2,0,123.89,1000057060000
1,3,722.07,1000057120000
1,2,112.72,1000057120000
22,1,143.1,1000057120000
19,1,66.06,1000057180000
5,3,109.13,1000057180000
5,2,871.56,1000057180000
25,3,492.81,1000057240000
10,0,876.04,1000057240000
13,3,518.68,1000057240000
9,1,531.3,1000057300000
3,3,566.74,1000057300000
19,1,347.42,1000057300000
16,3,321.33,1000057360000
25,1,718.26,1000057360000
6,2,197.0,1000057360000
0,3,532.33,1000057420000
11,0,585.44,1000057420000
3,1,271.47,1000057420000
4,3,728.5,1000057480000
19,1,473.64,1000057480000
6,1,599.66,1000057480000
22,0,842.87,1000057540000
21,3,174.48,1000057540000
21,2,178.95,1000057540000
1,2,889.74,1000057600000
10,0,276.12,1000057600000
8,2,442.17,1000057600000
22,1,432.85,1000057660000
20,2,613.45,1000057660000
3,0,505.6,1000057660000
13,1,159.15,1000057720000
2,3,82.84,1000057720000
24,1,148.93,1000057720000
9,1,411.01,1000057780000
25,1,807.8,1000057780000
2,1,597.81,1000057780000
13,1,13.41,1000057840000
5,1,284.91,1000057840000
4,2,402.01,1000057840000
2,0,167.33,1000057900000
0,1,708.39,1000057900000
17,2,657.02,1000057900000
18,2,344.94,1000057960000
6,0,886.23,1000057960000
23,3,633.93,1000057960000
10,0,643.69,1000058020000
15,1,15.49,1000058020000
0,0,823.31,1000058020000
3,3,685.32,1000058080000
5,2,786.03,1000058080000
18,0,333.61,1000058080000
24,1,86.73,1000058140000
17,0,784.95,1000058140000
19,0,476.18,1000058140000
18,1,169.83,1000058200000
19,1,64.94,1000058200000
20,1,160.74,1000058200000
5,2,200.22,1000058260000
7,0,484.76,1000058260000
3,3,543.73,1000058260000
18,2,720.86,1000058320000
22,1,763.82,1000058320000
6,3,170.59,1000058320000
5,1,779.02,1000058380000
10,0,432.22,1000058380000
5,1,74.99,1000058380000
15,3,226.2,1000058440000
15,1,558.97,1000058440000
23,0,551.58,1000058440000
11,0,874.92,1000058500000
7,3,237.14,1000058500000
14,3,450.35,1000058500000
15,2,882.32,1000058560000
6,2,653.32,1000058560000
1,2,153.02,1000058560000
14,2,308.6,1000058620000
12,0,413.1,1000058620000
19,0,183.89,1000058620000
9,1,847.88,1000058680000
13,0,815.72,1000058680000
11,1,247.11,1000058680000
7,1,499.29,1000058740000
15,0,542.4,1000058740000
21,2,467.24,1000058740000
13,3,881.02,1000058800000
15,2,42.4,1000058800000
10,2,227.51,1000058800000
13,1,373.82,1000058860000
10,3,645.63,1000058860000
11,3,621.05,1000058860000
25,2,810.32,1000058920000
19,1,688.43,1000058920000
13,1,392.18,1000058920000
14,0,691.79,1000058980000
8,3,281.3,1000058980000
6,3,898.16,1000058980000
20,2,21.86,1000059040000
3,3,157.57,1000059040000
5,0,610.93,1000059040000
22,2,671.97,1000059100000
8,2,534.5,1000059100000
24,3,826.37,1000059100000
4,3,493.72,1000059160000
20,0,583.36,1000059160000
21,3,695.54,1000059160000
9,3,201.32,1000059220000
11,0,860.22,1000059220000
4,3,373.3,1000059220000
10,0,352.57,1000059280000
15,0,313.93,1000059280000
8,2,713.77,1000059280000
25,1,91.69,1000059340000
9,1,565.96,1000059340000
23,2,109.36,1000059340000
25,3,313.7,1000059400000
2,0,214.37,1000059400000
6,0,820.65,1000059400000
2,0,65.77,1000059460000
4,2,346.12,1000059460000
2,1,687.13,1000059460000
15,0,8.87,1000059520000
24,3,59.37,1000059520000
14,3,176.84,1000059520000
21,0,832.04,1000059580000
1,0,807.77,1000059580000
15,0,401.03,1000059580000
6,2,577.14,1000059640000
2,0,773.14,1000059640000
2,1,594.68,1000059640000
5,1,624.51,1000059700000
19,0,481.11,1000059700000
22,0,750.87,1000059700000
2,1,529.56,1000059760000
11,0,160.61,1000059760000
3,3,852.05,1000059760000
19,1,723.34,1000059820000
17,3,753.52,1000059820000
24,2,881.12,1000059820000
14,0,463.02,1000059880000
24,0,373.89,1000059880000
16,2,227.79,1000059880000
7,3,134.14,1000059940000
19,3,284.19,1000059940000
4,1,311.66,1000059940000
1,0,434.44,1000060000000
20,0,712.45,1000060000000
24,1,402.39,1000060000000
4,1,415.7,1000060060000
1,1,96.48,1000060060000
8,0,482.38,1000060060000
23,1,415.52,1000060120000
8,3,463.49,1000060120000
19,3,394.23,1000060120000
3,3,605.29,1000060180000
6,3,262.58,1000060180000
2,0,843.41,1000060180000
19,1,164.84,1000060240000
11,2,402.05,1000060240000
7,3,702.16,1000060240000
24,1,179.61,1000060300000
22,2,159.11,1000060300000
21,0,691.44,1000060300000
24,3,462.99,1000060360000
18,1,217.88,1000060360000
24,2,365.87,1000060360000
11,2,29.38,1000060420000
22,1,126.67,1000060420000
21,1,714.47,1000060420000
12,2,373.92,1000060480000
7,0,340.45,1000060480000
12,3,457.21,1000060480000
6,3,470.81,1000060540000
13,2,107.87,1000060540000
23,0,897.44,1000060540000
13,0,701.18,1000060600000
18,0,466.01,1000060600000
11,3,884.2,1000060600000
10,1,163.49,1000060660000
1,1,338.24,1000060660000
4,2,20.97,1000060660000
19,0,311.3,1000060720000
0,3,605.89,1000060720000
4,3,446.71,1000060720000
16,0,165.0,1000060780000
4,1,107.87,1000060780000
23,1,570.41,1000060780000
6,1,297.59,1000060840000
25,2,39.91,1000060840000
2,2,617.4,1000060840000
6,1,26.02,1000060900000
0,3,488.96,1000060900000
13,0,789.02,1000060900000
20,3,739.92,1000060960000
22,2,486.31,1000060960000
18,0,739.89,1000060960000
13,3,860.97,1000061020000
25,0,465.12,1000061020000
7,1,26.56,1000061020000
5,3,162.4,1000061080000
22,3,874.74,1000061080000
13,2,851.65,1000061080000
4,1,57.58,1000061140000
0,3,681.87,1000061140000
17,1,619.3,1000061140000
3,2,629.74,1000061200000
13,1,50.79,1000061200000
11,1,423.67,1000061200000
11,2,616.06,1000061260000
22,0,683.3,1000061260000
23,3,430.24,1000061260000
2,0,433.49,1000061320000
25,0,774.1,1000061320000
13,3,541.66,1000061320000
2,1,308.1,1000061380000
13,0,422.7,1000061380000
0,2,124.94,1000061380000
7,1,215.96,1000061440000
22,3,329.33,1000061440000
10,3,636.25,1000061440000
11,1,717.17,1000061500000
21,0,693.62,1000061500000
7,1,113.98,1000061500000
1,3,464.97,1000061560000
14,0,216.0,1000061560000
15,0,756.56,1000061560000
12,3,371.22,1000061620000
23,0,869.28,1000061620000
0,0,277.21,1000061620000
20,1,785.84,1000061680000
16,2,8.77,1000061680000
21,0,462.91,1000061680000
14,3,707.95,1000061740000
1,3,725.53,1000061740000
9,3,771.53,1000061740000
7,0,513.18,1000061800000
22,2,799.45,1000061800000
11,3,725.15,1000061800000
18,2,13.09,1000061860000
7,2,573.55,1000061860000
15,3,56.68,1000061860000
0,1,680.77,1000061920000
13,1,42.78,1000061920000
10,0,50.41,1000061920000
9,1,685.2,1000061980000
23,3,687.74,1000061980000
2,1,74.85,1000061980000
4,3,494.47,1000062040000
4,1,132.99,1000062040000
13,1,506.71,1000062040000
10,2,135.52,1000062100000
22,0,83.1,1000062100000
20,2,777.67,1000062100000
12,2,535.35,1000062160000
7,2,70.67,1000062160000
7,2,895.79,1000062160000
1,2,688.56,1000062220000
3,1,506.63,1000062220000
23,3,619.52,1000062220000
0,2,508.66,1000062280000
25,2,282.96,1000062280000
5,1,803.62,1000062280000
3,1,76.24,1000062340000
18,1,851.89,1000062340000
1,1,799.46,1000062340000
1,1,707.97,1000062400000
5,1,684.43,1000062400000
11,0,80.9,1000062400000
14,1,117.02,1000062460000
1,0,688.8,1000062460000
10,1,513.35,1000062460000
10,3,8.59,1000062520000
1,2,735.27,1000062520000
1,0,241.14,1000062520000
19,1,750.6,1000062580000
1,0,154.87,1000062580000
24,0,394.9,1000062580000
1,2,83.85,1000062640000
11,2,584.22,1000062640000
17,0,652.24,1000062640000
15,1,800.41,1000062700000
14,0,576.43,1000062700000
23,1,821.7,1000062700000
23,3,334.45,1000062760000
21,2,513.73,1000062760000
15,3,871.63,1000062760000
17,1,674.07,1000062820000
18,1,786.13,1000062820000
19,2,48.35,1000062820000
3,3,589.01,1000062880000
0,2,683.61,1000062880000
22,1,703.53,1000062880000
15,0,65.6,1000062940000
3,1,183.25,1000062940000
14,3,70.37,1000062940000
25,2,204.67,1000063000000
20,0,199.02,1000063000000
22,3,41.91,1000063000000
0,1,623.85,1000063060000
3,2,298.58,1000063060000
2,1,392.4,1000063060000
7,0,607.45,1000063120000
1,3,695.92,1000063120000
9,0,235.06,1000063120000
1,1,131.41,1000063180000
20,0,309.51,1000063180000
2,1,719.37,1000063180000
25,0,439.75,1000063240000
12,2,351.04,1000063240000
23,0,95.6,1000063240000
19,0,896.29,1000063300000
2,3,581.53,1000063300000
21,2,29.87,1000063300000
16,1,54.23,1000063360000
0,3,424.84,1000063360000
12,2,554.92,1000063360000
6,2,77.63,1000063420000
8,1,621.94,1000063420000
3,2,569.83,1000063420000
16,1,750.19,1000063480000
10,2,138.9,1000063480000
2,3,250.66,1000063480000
10,2,238.76,1000063540000
8,3,32.22,1000063540000
6,2,141.86,1000063540000
4,3,778.81,1000063600000
13,3,365.61,1000063600000
3,1,125.82,1000063600000
18,0,643.99,1000063660000
25,2,882.68,1000063660000
18,1,279.11,1000063660000
19,2,744.83,1000063720000
0,0,53.69,1000063720000
13,0,434.78,1000063720000
20,2,451.24,1000063780000
10,3,708.84,1000063780000
21,0,796.54,1000063780000
13,1,425.16,1000063840000
7,1,552.69,1000063840000
12,3,169.76,1000063840000
19,1,711.21,1000063900000
2,0,233.17,1000063900000
13,2,453.15,1000063900000
9,3,771.7,1000063960000
17,1,546.89,1000063960000
11,1,725.74,1000063960000
14,1,316.8,1000064020000
21,0,135.57,1000064020000
21,2,297.0,1000064020000
12,2,166.15,1000064080000
3,0,577.81,1000064080000
10,2,861.51,1000064080000
14,2,690.63,1000064140000
18,2,460.9,1000064140000
23,1,91.51,1000064140000
0,3,381.75,1000064200000
13,2,70.41,1000064200000
5,1,775.71,1000064200000
5,0,591.76,1000064260000
21,0,121.48,1000064260000
10,3,389.58,1000064260000
24,1,198.19,1000064320000
21,1,863.69,1000064320000
19,0,234.46,1000064320000
4,1,222.26,1000064380000
0,3,778.15,1000064380000
7,2,459.64,1000064380000
22,3,811.48,1000064440000
22,1,41.47,1000064440000
21,0,2.34,1000064440000
15,3,159.31,1000064500000
2,2,779.75,1000064500000
0,2,283.5,1000064500000
4,0,671.28,1000064560000
4,3,273.06,1000064560000
20,2,329.33,1000064560000
9,1,841.33,1000064620000
22,3,497.31,1000064620000
23,0,751.11,1000064620000
13,1,93.92,1000064680000
21,1,765.87,1000064680000
11,2,429.13,1000064680000
8,0,20.92,1000064740000
9,0,123.64,1000064740000
11,0,694.25,1000064740000
14,1,45.56,1000064800000
1,3,618.43,1000064800000
15,3,715.11,1000064800000
0,2,474.21,1000064860000
8,2,79.1,1000064860000
8,0,490.43,1000064860000
0,1,205.75,1000064920000
4,3,756.46,1000064920000
6,1,250.01,1000064920000
8,2,493.35,1000064980000
16,2,849.19,1000064980000
16,2,661.38,1000064980000
25,3,31.7,1000065040000
23,1,876.81,1000065040000
9,0,845.62,1000065040000
7,3,640.98,1000065100000
1,2,37.27,1000065100000
14,3,411.78,1000065100000
3,3,568.85,1000065160000
5,2,749.89,1000065160000
22,3,83.78,1000065160000
23,2,878.45,1000065220000
22,0,200.62,1000065220000
20,1,775.4,1000065220000
21,1,565.47,1000065280000
8,3,75.54,1000065280000
7,3,666.01,1000065280000
6,3,116.78,1000065340000
23,0,46.35,1000065340000
6,2,573.39,1000065340000
8,3,759.79,1000065400000
18,1,377.08,1000065400000
17,3,660.01,1000065400000
19,3,868.92,1000065460000
12,2,15.74,1000065460000
20,0,238.65,1000065460000
12,3,34.01,1000065520000
20,1,555.58,1000065520000
5,2,369.34,1000065520000
22,2,351.4,1000065580000
6,2,194.05,1000065580000
8,2,143.6,1000065580000
8,3,39.96,1000065640000
16,0,496.35,1000065640000
7,0,480.17,1000065640000
1,0,60.75,1000065700000
15,1,421.15,1000065700000
6,1,612.4,1000065700000
1,3,587.36,1000065760000
11,3,702.24,1000065760000
15,2,851.01,1000065760000
12,0,354.84,1000065820000
0,2,43.32,1000065820000
20,1,269.47,1000065820000
15,0,321.59,1000065880000
18,1,541.53,1000065880000
22,3,806.22,1000065880000
7,0,312.09,1000065940000
7,3,144.57,1000065940000
23,2,700.38,1000065940000
8,1,488.52,1000066000000
11,1,488.82,1000066000000
0,1,292.41,1000066000000
23,3,436.81,1000066060000
4,1,500.36,1000066060000
9,0,852.67,1000066060000
6,0,92.87,1000066120000
11,2,614.54,1000066120000
7,1,339.32,1000066120000
6,0,865.59,1000066180000
17,2,489.52,1000066180000
0,1,322.02,1000066180000
9,3,322.16,1000066240000
3,2,132.62,1000066240000
6,3,731.1,1000066240000
25,3,570.7,1000066300000
18,3,19.71,1000066300000
10,0,320.03,1000066300000
23,0,899.43,1000066360000
15,3,207.58,1000066360000
25,0,832.33,1000066360000
17,1,364.22,1000066420000
17,2,703.37,1000066420000
13,3,461.04,1000066420000
21,0,210.41,1000066480000
24,2,644.94,1000066480000
18,1,95.91,1000066480000
5,2,416.62,1000066540000
2,1,395.43,1000066540000
25,1,72.0,1000066540000
0,2,363.74,1000066600000
6,0,205.81,1000066600000
16,1,466.81,1000066600000
7,1,513.71,1000066660000
19,2,264.88,1000066660000
23,2,484.26,1000066660000
13,3,217.65,1000066720000
6,0,318.69,1000066720000
20,2,396.98,1000066720000
4,2,331.83,1000066780000
19,1,765.01,1000066780000
10,1,590.91,1000066780000
2,3,30.69,1000066840000
14,1,501.39,1000066840000
4,0,899.11,1000066840000
12,3,269.85,1000066900000
24,2,180.2,1000066900000
17,2,399.2,1000066900000
8,2,475.6,1000066960000
17,0,268.6,1000066960000
13,3,528.66,1000066960000
15,2,403.58,1000067020000
17,0,530.6,1000067020000
18,1,205.11,1000067020000
18,1,136.04,1000067080000
3,1,211.0,1000067080000
20,1,827.74,1000067080000
6,0,20.17,1000067140000
17,0,269.27,1000067140000
12,1,848.38,1000067140000
16,1,198.94,1000067200000
9,3,108.92,1000067200000
23,2,453.08,1000067200000
7,2,419.47,1000067260000
9,2,747.8,1000067260000
1,1,67.44,1000067260000
10,1,29.34,1000067320000
24,2,723.41,1000067320000
6,2,331.67,1000067320000
2,1,877.42,1000067380000
5,0,850.06,1000067380000
25,1,768.41,1000067380000
22,3,249.35,1000067440000
15,2,765.53,1000067440000
13,0,307.03,1000067440000
1,1,63.82,1000067500000
19,1,32.08,1000067500000
21,3,871.67,1000067500000
16,3,777.04,1000067560000
23,1,302.0,1000067560000
22,1,839.2,1000067560000
10,3,109.3,1000067620000
9,1,271.68,1000067620000
20,3,169.06,1000067620000
1,0,368.7,1000067680000
1,2,327.99,1000067680000
21,0,27.42,1000067680000
24,2,686.61,1000067740000
3,1,801.55,1000067740000
25,1,606.85,1000067740000
22,3,383.44,1000067800000
5,3,200.73,1000067800000
8,1,248.7,1000067800000
7,3,701.29,1000067860000
6,3,16.73,1000067860000
6,1,234.0,1000067860000
12,3,708.66,1000067920000
0,0,590.53,1000067920000
24,2,251.68,1000067920000
11,0,344.11,1000067980000
24,1,707.95,1000067980000
22,1,119.61,1000067980000
0,2,148.56,1000068040000
20,1,798.22,1000068040000
23,0,656.15,1000068040000
19,3,34.91,1000068100000
14,1,895.46,1000068100000
15,2,542.39,1000068100000
1,2,395.02,1000068160000
17,0,656.33,1000068160000
9,0,689.16,1000068160000
5,2,792.29,1000068220000
8,0,425.84,1000068220000
15,3,699.72,1000068220000
15,2,727.07,1000068280000
12,0,743.95,1000068280000
3,0,614.32,1000068280000
0,3,133.05,1000068340000
11,3,885.85,1000068340000
21,2,206.4,1000068340000
13,0,518.23,1000068400000
15,2,806.55,1000068400000
3,3,564.57,1000068400000
15,3,191.26,1000068460000
1,1,578.04,1000068460000
1,2,581.92,1000068460000
24,3,413.33,1000068520000
2,0,178.36,1000068520000
16,3,392.29,1000068520000
1,3,63.58,1000068580000
9,3,328.9,1000068580000
22,3,3.41,1000068580000
6,0,324.4,1000068640000
9,0,787.79,1000068640000
8,3,695.38,1000068640000
19,2,482.89,1000068700000
0,3,854.84,1000068700000
3,2,863.97,1000068700000
1,3,109.74,1000068760000
13,1,434.24,1000068760000
1,1,195.49,1000068760000
20,0,188.8,1000068820000
18,0,649.28,1000068820000
19,0,3.38,1000068820000
0,2,425.38,1000068880000
20,0,226.52,1000068880000
10,3,744.91,1000068880000
4,1,576.14,1000068940000
22,2,345.23,1000068940000
14,0,819.4,1000068940000
10,0,826.73,1000069000000
22,3,358.59,1000069000000
2,2,811.79,1000069000000
20,1,208.7,1000069060000
15,3,347.6,1000069060000
21,0,431.82,1000069060000
18,0,53.58,1000069120000
17,2,827.88,1000069120000
8,0,719.68,1000069120000
6,0,447.45,1000069180000
25,3,765.21,1000069180000
10,1,73.71,1000069180000
21,3,526.06,1000069240000
5,3,241.2,1000069240000
24,0,307.17,1000069240000
5,3,92.39,1000069300000
16,0,678.91,1000069300000
23,2,518.04,1000069300000
21,2,473.56,1000069360000
23,1,647.69,1000069360000
18,3,329.42,1000069360000
24,1,263.4,1000069420000
0,0,582.12,1000069420000
5,2,287.72,1000069420000
14,1,643.51,1000069480000
11,0,696.46,1000069480000
20,0,367.23,1000069480000
4,0,791.73,1000069540000
20,0,827.42,1000069540000
7,2,616.04,1000069540000
21,2,809.25,1000069600000
14,3,631.84,1000069600000
11,1,367.2,1000069600000
15,1,389.04,1000069660000
20,0,228.36,1000069660000
20,0,10.63,1000069660000
23,0,858.83,1000069720000
21,1,886.49,1000069720000
13,2,14.06,1000069720000
16,2,690.91,1000069780000
16,3,737.84,1000069780000
14,0,477.62,1000069780000
14,0,188.45,1000069840000
2,3,572.48,1000069840000
1,0,447.18,1000069840000
21,1,330.69,1000069900000
7,1,19.31,1000069900000
17,1,712.5,1000069900000
10,0,374.97,1000069960000
13,1,735.52,1000069960000
5,2,878.55,1000069960000
4,3,270.44,1000070020000
24,1,51.9,1000070020000
11,0,648.97,1000070020000
24,3,556.03,1000070080000
9,0,359.2,1000070080000
8,0,114.03,1000070080000
11,1,519.29,1000070140000
13,2,589.33,1000070140000
7,3,169.0,1000070140000
14,2,167.29,1000070200000
3,3,772.63,1000070200000
21,1,671.96,1000070200000
18,0,222.02,1000070260000
25,3,780.25,1000070260000
19,2,234.44,1000070260000
10,3,169.92,1000070320000
1,1,525.0,1000070320000
2,0,451.18,1000070320000
25,1,344.75,1000070380000
13,2,330.23,1000070380000
1,1,297.04,1000070380000
9,2,660.29,1000070440000
9,0,682.06,1000070440000
14,2,222.94,1000070440000
1,3,807.31,1000070500000
18,3,619.75,1000070500000
8,1,313.31,1000070500000
20,1,246.93,1000070560000
1,3,188.23,1000070560000
1,0,479.04,1000070560000
19,0,359.1,1000070620000
10,3,427.18,1000070620000
4,2,431.78,1000070620000
22,0,755.08,1000070680000
18,1,668.37,1000070680000
17,2,724.32,1000070680000
3,3,356.54,1000070740000
25,3,858.49,1000070740000
18,1,182.73,1000070740000
17,1,345.57,1000070800000
9,2,648.78,1000070800000
14,0,234.58,1000070800000
13,1,121.05,1000070860000
23,2,199.55,1000070860000
14,1,728.85,1000070860000
16,0,470.74,1000070920000
8,3,583.16,1000070920000
19,0,550.15,1000070920000
6,3,588.38,1000070980000
10,1,87.11,1000070980000
12,2,403.04,1000070980000
2,1,117.86,1000071040000
4,1,401.19,1000071040000
25,0,352.79,1000071040000
20,2,772.8,1000071100000
8,3,398.84,1000071100000
16,0,880.64,1000071100000
21,3,766.84,1000071160000
11,0,143.18,1000071160000
15,2,480.27,1000071160000
23,3,31.76,1000071220000
9,2,849.66,1000071220000
13,1,658.02,1000071220000
12,3,332.73,1000071280000
6,0,628.12,1000071280000
1,1,531.12,1000071280000
18,3,312.23,1000071340000
15,0,320.1,1000071340000
15,3,105.45,1000071340000
3,0,714.94,1000071400000
24,1,891.65,1000071400000
15,3,499.05,1000071400000
19,2,541.53,1000071460000
16,1,362.45,1000071460000
8,0,40.57,1000071460000
5,1,278.66,1000071520000
20,1,318.78,1000071520000
4,2,194.03,1000071520000
0,3,666.8,1000071580000
17,2,156.07,1000071580000
20,3,264.13,1000071580000
8,3,715.34,1000071640000
15,3,487.32,1000071640000
9,1,264.88,1000071640000
14,2,205.64,1000071700000
12,0,701.19,1000071700000
15,3,564.12,1000071700000
21,2,837.02,1000071760000
4,1,309.13,1000071760000
23,1,31.5,1000071760000
11,0,579.55,1000071820000
3,1,543.62,1000071820000
18,2,698.01,1000071820000
7,3,406.55,1000071880000
20,2,609.69,1000071880000
6,0,120.2,1000071880000
8,2,189.65,1000071940000
19,3,790.1,1000071940000
20,3,184.88,1000071940000
20,0,849.02,1000072000000
2,0,518.4,1000072000000
5,3,241.62,1000072000000
0,3,399.57,1000072060000
4,1,574.55,1000072060000
2,3,162.5,1000072060000
17,0,630.89,1000072120000
10,0,357.58,1000072120000
8,1,404.29,1000072120000
3,1,43.15,1000072180000
23,2,705.35,1000072180000
22,1,504.85,1000072180000
10,1,455.93,1000072240000
16,3,158.94,1000072240000
5,1,682.28,1000072240000
5,3,345.95,1000072300000
5,3,300.85,1000072300000
23,2,404.46,1000072300000
11,3,552.38,1000072360000
3,2,560.43,1000072360000
3,0,241.89,1000072360000
16,0,698.49,1000072420000
25,3,138.43,1000072420000
23,1,326.35,1000072420000
2,2,334.09,1000072480000
12,1,657.6,1000072480000
5,2,13.8,1000072480000
20,1,407.87,1000072540000
14,3,438.71,1000072540000
10,2,386.47,1000072540000
16,2,312.43,1000072600000
10,2,299.03,1000072600000
2,3,404.54,1000072600000
6,0,49.68,1000072660000
10,3,371.62,1000072660000
16,2,345.84,1000072660000
16,1,607.84,1000072720000
12,1,764.46,1000072720000
6,2,484.16,1000072720000
2,3,829.75,1000072780000
0,0,107.57,1000072780000
6,2,339.89,1000072780000
14,2,283.56,1000072840000
16,3,309.29,1000072840000
13,3,65.81,1000072840000
4,3,12.4,1000072900000
21,1,528.31,1000072900000
6,3,124.87,1000072900000
10,2,287.13,1000072960000
1,2,366.7,1000072960000
15,0,340.77,1000072960000
19,1,225.22,1000073020000
11,1,50.82,1000073020000
22,1,475.29,1000073020000
1,0,766.06,1000073080000
0,0,822.17,1000073080000
0,1,691.51,1000073080000
9,0,884.57,1000073140000
13,2,236.77,1000073140000
14,0,828.34,1000073140000
7,3,670.01,1000073200000
3,0,313.64,1000073200000
0,0,325.23,1000073200000
4,0,846.28,1000073260000
20,1,573.83,1000073260000
11,3,345.5,1000073260000
21,0,870.71,1000073320000
22,1,645.52,1000073320000
6,3,639.69,1000073320000
23,3,429.49,1000073380000
24,3,715.17,1000073380000
9,0,781.82,1000073380000
16,3,463.3,1000073440000
17,2,338.26,1000073440000
9,3,589.33,1000073440000
22,1,208.84,1000073500000
8,3,658.38,1000073500000
7,0,87.8,1000073500000
8,2,708.39,1000073560000
10,2,195.17,1000073560000
6,1,618.64,1000073560000
1,1,119.91,1000073620000
14,3,678.74,1000073620000
16,3,615.02,1000073620000
2,2,435.91,1000073680000
12,1,374.8,1000073680000
1,1,666.38,1000073680000
20,2,361.84,1000073740000
10,1,161.56,1000073740000
10,0,71.14,1000073740000
16,0,41.48,1000073800000
14,0,785.36,1000073800000
0,2,201.29,1000073800000
1,3,223.53,1000073860000
18,1,743.4,1000073860000
2,2,232.46,1000073860000
14,0,312.95,1000073920000
10,1,187.45,1000073920000
2,2,9.23,1000073920000
5,3,331.18,1000073980000
20,3,585.9,1000073980000
2,1,570.76,1000073980000
21,1,229.99,1000074040000
1,3,417.59,1000074040000
21,0,817.81,1000074040000
15,1,592.86,1000074100000
12,3,458.64,1000074100000
4,3,622.36,1000074100000
24,2,337.02,1000074160000
25,1,822.23,1000074160000
5,2,178.66,1000074160000
3,1,886.1,1000074220000
1,0,673.84,1000074220000
19,1,710.35,1000074220000
9,3,300.24,1000074280000
6,2,687.02,1000074280000
9,3,137.15,1000074280000
24,0,409.61,1000074340000
18,2,53.47,1000074340000
25,3,839.6,1000074340000
24,1,456.3,1000074400000
11,2,582.94,1000074400000
8,2,28.37,1000074400000
17,0,558.28,1000074460000
14,1,444.01,1000074460000
3,0,788.27,1000074460000
25,2,622.62,1000074520000
0,3,681.11,1000074520000
8,2,721.08,1000074520000
11,1,676.14,1000074580000
18,2,702.86,1000074580000
13,2,688.91,1000074580000
20,1,144.25,1000074640000
1,1,30.36,1000074640000
5,0,555.22,1000074640000
21,0,690.35,1000074700000
10,3,435.75,1000074700000
16,3,529.68,1000074700000
12,0,412.05,1000074760000
7,0,701.66,1000074760000
24,1,874.88,1000074760000
21,0,727.06,1000074820000
15,3,506.88,1000074820000
6,2,720.01,1000074820000
6,1,87.54,1000074880000
9,0,601.49,1000074880000
22,0,407.01,1000074880000
4,1,12.16,1000074940000
20,1,523.1,1000074940000
20,2,557.45,1000074940000
22,3,640.71,1000075000000
7,2,685.57,1000075000000
23,3,231.02,1000075000000
17,3,665.25,1000075060000
11,0,530.95,1000075060000
23,3,676.91,1000075060000
24,1,413.01,1000075120000
8,1,354.57,1000075120000
8,1,830.7,1000075120000
18,1,129.63,1000075180000
5,3,786.04,1000075180000
1,1,438.62,1000075180000
25,0,542.19,1000075240000
17,1,303.71,1000075240000
10,3,688.08,1000075240000
14,2,819.63,1000075300000
24,1,820.0,1000075300000
7,3,450.68,1000075300000
6,3,881.77,1000075360000
1,1,839.69,1000075360000
7,2,441.72,1000075360000
23,2,515.77,1000075420000
25,0,202.75,1000075420000
11,3,193.34,1000075420000
19,1,894.61,1000075480000
12,1,173.75,1000075480000
23,3,374.66,1000075480000
4,3,62.2,1000075540000
18,1,651.23,1000075540000
14,3,10.79,1000075540000
23,2,817.66,1000075600000
23,2,450.02,1000075600000
18,3,899.37,1000075600000
24,0,643.68,1000075660000
4,0,420.89,1000075660000
25,2,407.37,1000075660000
10,0,438.93,1000075720000
23,0,807.36,1000075720000
15,2,285.42,1000075720000
15,0,382.05,1000075780000
2,3,749.83,1000075780000
7,2,501.33,1000075780000
2,3,703.81,1000075840000
2,1,850.07,1000075840000
22,0,95.37,1000075840000
5,2,285.0,1000075900000
15,3,107.25,1000075900000
21,1,441.05,1000075900000
20,3,46.95,1000075960000
24,3,200.66,1000075960000
5,2,467.65,1000075960000
12,3,584.98,1000076020000
12,2,838.05,1000076020000
22,0,864.51,1000076020000
7,3,292.25,1000076080000
20,0,579.42,1000076080000
4,3,613.9,1000076080000
12,2,351.14,1000076140000
19,1,556.29,1000076140000
10,3,677.03,1000076140000
14,2,197.56,1000076200000
24,0,328.44,1000076200000
13,3,452.7,1000076200000
8,3,666.61,1000076260000
22,0,209.09,1000076260000
0,3,243.87,1000076260000
5,3,317.59,1000076320000
0,3,776.42,1000076320000
13,0,111.5,1000076320000
16,0,132.62,1000076380000
4,1,196.69,1000076380000
19,1,783.79,1000076380000
19,1,627.86,1000076440000
19,2,585.11,1000076440000
2,2,792.63,1000076440000
20,1,399.93,1000076500000
15,1,501.83,1000076500000
10,2,310.69,1000076500000
24,2,510.92,1000076560000
13,3,31.56,1000076560000
3,1,104.62,1000076560000
24,2,76.98,1000076620000
17,2,101.3,1000076620000
10,0,321.69,1000076620000
3,3,484.79,1000076680000
13,1,331.37,1000076680000
0,1,223.15,1000076680000
16,0,263.12,1000076740000
11,3,833.4,1000076740000
8,3,31.87,1000076740000
5,3,305.54,1000076800000
20,2,657.95,1000076800000
23,3,665.96,1000076800000
9,3,521.3,1000076860000
15,1,22.34,1000076860000
13,2,591.36,1000076860000
4,0,842.91,1000076920000
1,2,856.29,1000076920000
4,3,360.91,1000076920000
14,3,342.29,1000076980000
19,1,139.19,1000076980000
14,1,604.82,1000076980000
14,2,691.62,1000077040000
5,3,530.24,1000077040000
12,0,609.76,1000077040000
25,3,341.9,1000077100000
10,1,487.03,1000077100000
24,0,255.57,1000077100000
15,0,289.17,1000077160000
13,2,597.87,1000077160000
16,1,447.33,1000077160000
11,1,638.76,1000077220000
9,3,596.43,1000077220000
11,2,279.05,1000077220000
23,1,606.92,1000077280000
23,3,437.42,1000077280000
15,1,457.38,1000077280000
14,3,787.67,1000077340000
15,0,545.06,1000077340000
10,1,256.34,1000077340000
23,2,365.46,1000077400000
16,2,770.13,1000077400000
0,0,812.81,1000077400000
13,3,114.62,1000077460000
18,1,199.78,1000077460000
18,0,574.31,1000077460000
5,1,565.29,1000077520000
1,3,715.23,1000077520000
19,1,678.69,1000077520000
